F	20000000	gte_ldv0	__gtemacro	void gte_ldv0(SVECTOR * r0)
F	20000004	gte_ldv1	__gtemacro	void gte_ldv1(SVECTOR * r0)
F	20000008	gte_ldv2	__gtemacro	void gte_ldv2(SVECTOR * r0)
F	2000000c	gte_ldv3	__gtemacro	void gte_ldv3(SVECTOR * r0, SVECTOR * r1, SVECTOR * r2)
F	20000010	gte_ldv3c	__gtemacro	void gte_ldv3c(SVECTOR * r0)
F	20000014	gte_ldv3c_vertc	__gtemacro	void gte_ldv3c_vertc(VERTC * r0)
F	20000018	gte_ldv01	__gtemacro	void gte_ldv01(SVECTOR * r0, SVECTOR * r1)
F	2000001c	gte_ldv01c	__gtemacro	void gte_ldv01c(SVECTOR * r0)
F	20000020	gte_ldrgb	__gtemacro	void gte_ldrgb(CVECTOR * r0)
F	20000024	gte_ldrgb3	__gtemacro	void gte_ldrgb3(CVECTOR * r0, CVECTOR * r1, CVECTOR * r2)
F	20000028	gte_ldrgb3c	__gtemacro	void gte_ldrgb3c(CVECTOR * r0)
F	2000002c	gte_ldlv0	__gtemacro	void gte_ldlv0(VECTOR * r0)
F	20000030	gte_ldlvl	__gtemacro	void gte_ldlvl(VECTOR * r0)
F	20000034	gte_ldsv	__gtemacro	void gte_ldsv(SVECTOR * r0)
F	20000038	gte_ldbv	__gtemacro	void gte_ldbv(char * r0)
F	2000003c	gte_ldcv	__gtemacro	void gte_ldcv(CVECTOR * r0)
F	20000040	gte_ldclmv	__gtemacro	void gte_ldclmv(MATRIX * r0)
F	20000044	gte_lddp	__gtemacro	void gte_lddp(long r0)
F	20000048	gte_ldsxy0	__gtemacro	void gte_ldsxy0(long * r0)
F	2000004c	gte_ldsxy1	__gtemacro	void gte_ldsxy1(long * r0)
F	20000050	gte_ldsxy2	__gtemacro	void gte_ldsxy2(long * r0)
F	20000054	gte_ldsxy3	__gtemacro	void gte_ldsxy3(long r0, long r1, long r2)
F	20000058	gte_ldsxy3c	__gtemacro	void gte_ldsxy3c(long * r0)
F	2000005c	gte_ldsz3	__gtemacro	void gte_ldsz3(long r0, long r1, long r2)
F	20000060	gte_ldsz4	__gtemacro	void gte_ldsz4(long r0, long r1, long r2, long r3)
F	20000064	gte_ldopv1	__gtemacro	void gte_ldopv1(VECTOR * r0)
F	20000068	gte_ldopv2	__gtemacro	void gte_ldopv2(VECTOR * r0)
F	2000006c	gte_ldopv1SV	__gtemacro	void gte_ldopv1SV(SVECTOR * r0)
F	20000070	gte_ldopv2SV	__gtemacro	void gte_ldopv2SV(SVECTOR * r0)
F	20000074	gte_ldlzc	__gtemacro	void gte_ldlzc(long r0)
F	20000078	gte_SetRGBcd	__gtemacro	void gte_SetRGBcd(CVECTOR * r0)
F	2000007c	gte_ldbkdir	__gtemacro	void gte_ldbkdir(long r0, long r1, long r2)
F	20000080	gte_SetBackColor	__gtemacro	void gte_SetBackColor(long r0, long r1, long r2)
F	20000084	gte_ldfcdir	__gtemacro	void gte_ldfcdir(long r0, long r1, long r2)
F	20000088	gte_SetFarColor	__gtemacro	void gte_SetFarColor(long r0, long r1, long r2)
F	2000008c	gte_SetGeomOffset	__gtemacro	void gte_SetGeomOffset(long r0, long r1)
F	20000090	gte_SetGeomScreen	__gtemacro	void gte_SetGeomScreen(long r0)
F	20000094	gte_ldsvrtrow0	__gtemacro	void gte_ldsvrtrow0(SVECTOR * r0)
F	20000098	gte_SetRotMatrix	__gtemacro	void gte_SetRotMatrix(MATRIX * r0)
F	2000009c	gte_ldsvllrow0	__gtemacro	void gte_ldsvllrow0(SVECTOR * r0)
F	200000a0	gte_SetLightMatrix	__gtemacro	void gte_SetLightMatrix(MATRIX * r0)
F	200000a4	gte_ldsvlcrow0	__gtemacro	void gte_ldsvlcrow0(SVECTOR * r0)
F	200000a8	gte_SetColorMatrix	__gtemacro	void gte_SetColorMatrix(MATRIX * r0)
F	200000ac	gte_SetTransMatrix	__gtemacro	void gte_SetTransMatrix(MATRIX * r0)
F	200000b0	gte_ldtr	__gtemacro	void gte_ldtr(long r0, long r1, long r2)
F	200000b4	gte_SetTransVector	__gtemacro	void gte_SetTransVector(VECTOR * r0)
F	200000b8	gte_ld_intpol_uv0	__gtemacro	void gte_ld_intpol_uv0(char * r0)
F	200000bc	gte_ld_intpol_uv1	__gtemacro	void gte_ld_intpol_uv1(char * r0)
F	200000c0	gte_ld_intpol_bv0	__gtemacro	void gte_ld_intpol_bv0(char * r0)
F	200000c4	gte_ld_intpol_bv1	__gtemacro	void gte_ld_intpol_bv1(char * r0)
F	200000c8	gte_ld_intpol_sv0	__gtemacro	void gte_ld_intpol_sv0(SVECTOR * r0)
F	200000cc	gte_ldfc	__gtemacro	void gte_ldfc(long * r0)
F	200000d0	gte_stsxy	__gtemacro	void gte_stsxy(long * r0)
F	200000d4	gte_stsxy3	__gtemacro	void gte_stsxy3(long * r0, long * r1, long * r2)
F	200000d8	gte_stsxy3c	__gtemacro	void gte_stsxy3c(long * r0)
F	200000dc	gte_stsxy2	__gtemacro	void gte_stsxy2(long * r0)
F	200000e0	gte_stsxy1	__gtemacro	void gte_stsxy1(long * r0)
F	200000e4	gte_stsxy0	__gtemacro	void gte_stsxy0(long * r0)
F	200000e8	gte_stsxy01	__gtemacro	void gte_stsxy01(long * r0, long * r1)
F	200000ec	gte_stsxy01c	__gtemacro	void gte_stsxy01c(long * r0)
F	200000f0	gte_stsxy3_f3	__gtemacro	void gte_stsxy3_f3(u_long * r0)
F	200000f4	gte_stsxy3_g3	__gtemacro	void gte_stsxy3_g3(u_long * r0)
F	200000f8	gte_stsxy3_ft3	__gtemacro	void gte_stsxy3_ft3(u_long * r0)
F	200000fc	gte_stsxy3_gt3	__gtemacro	void gte_stsxy3_gt3(u_long * r0)
F	20000100	gte_stsxy3_f4	__gtemacro	void gte_stsxy3_f4(u_long * r0)
F	20000104	gte_stsxy3_g4	__gtemacro	void gte_stsxy3_g4(u_long * r0)
F	20000108	gte_stsxy3_ft4	__gtemacro	void gte_stsxy3_ft4(u_long * r0)
F	2000010c	gte_stsxy3_gt4	__gtemacro	void gte_stsxy3_gt4(u_long * r0)
F	20000110	gte_stdp	__gtemacro	void gte_stdp(long * r0)
F	20000114	gte_stflg	__gtemacro	void gte_stflg(long * r0)
F	20000118	gte_stflg_4	__gtemacro	void gte_stflg_4(long * r0)
F	2000011c	gte_stsz	__gtemacro	void gte_stsz(long * r0)
F	20000120	gte_stsz3	__gtemacro	void gte_stsz3(long * r0, long * r1, long * r2)
F	20000124	gte_stsz4	__gtemacro	void gte_stsz4(long * r0, long * r1, long * r2, long * r3)
F	20000128	gte_stsz3c	__gtemacro	void gte_stsz3c(long * r0)
F	2000012c	gte_stsz4c	__gtemacro	void gte_stsz4c(long * r0)
F	20000130	gte_stszotz	__gtemacro	void gte_stszotz(long * r0)
F	20000134	gte_stotz	__gtemacro	void gte_stotz(long * r0)
F	20000138	gte_stopz	__gtemacro	void gte_stopz(long * r0)
F	2000013c	gte_stlvl	__gtemacro	void gte_stlvl(VECTOR * r0)
F	20000140	gte_stlvnl	__gtemacro	void gte_stlvnl(VECTOR * r0)
F	20000144	gte_stlvnl0	__gtemacro	void gte_stlvnl0(long * r0)
F	20000148	gte_stlvnl1	__gtemacro	void gte_stlvnl1(long * r0)
F	2000014c	gte_stlvnl2	__gtemacro	void gte_stlvnl2(long * r0)
F	20000150	gte_stsv	__gtemacro	void gte_stsv(SVECTOR * r0)
F	20000154	gte_stclmv	__gtemacro	void gte_stclmv(MATRIX * r0)
F	20000158	gte_stbv	__gtemacro	void gte_stbv(char * r0)
F	2000015c	gte_stcv	__gtemacro	void gte_stcv(CVECTOR * r0)
F	20000160	gte_strgb	__gtemacro	void gte_strgb(CVECTOR * r0)
F	20000164	gte_strgb3	__gtemacro	void gte_strgb3(CVECTOR * r0, CVECTOR * r1, CVECTOR * r2)
F	20000168	gte_strgb3_g3	__gtemacro	void gte_strgb3_g3(u_long * r0)
F	2000016c	gte_strgb3_gt3	__gtemacro	void gte_strgb3_gt3(u_long * r0)
F	20000170	gte_strgb3_g4	__gtemacro	void gte_strgb3_g4(u_long * r0)
F	20000174	gte_strgb3_gt4	__gtemacro	void gte_strgb3_gt4(u_long * r0)
F	20000178	gte_ReadGeomOffset	__gtemacro	void gte_ReadGeomOffset(long * r0, long * r1)
F	2000017c	gte_ReadGeomScreen	__gtemacro	void gte_ReadGeomScreen(long * r0)
F	20000180	gte_ReadRotMatrix	__gtemacro	void gte_ReadRotMatrix(MATRIX * r0)
F	20000184	gte_sttr	__gtemacro	void gte_sttr(VECTOR * r0)
F	20000188	gte_ReadLightMatrix	__gtemacro	void gte_ReadLightMatrix(MATRIX * r0)
F	2000018c	gte_ReadColorMatrix	__gtemacro	void gte_ReadColorMatrix(MATRIX * r0)
F	20000190	gte_stlzc	__gtemacro	void gte_stlzc(long * r0)
F	20000194	gte_stfc	__gtemacro	void gte_stfc(long * r0)
F	20000198	gte_subdvl	__gtemacro	void gte_subdvl(DVECTOR * r0, DVECTOR * r1, VECTOR * r2)
F	2000019c	gte_subdvd	__gtemacro	void gte_subdvd(DVECTOR * r0, DVECTOR * r1, DVECTOR * r2)
F	200001a0	gte_adddvl	__gtemacro	void gte_adddvl(DVECTOR * r0, DVECTOR * r1, VECTOR * r2)
F	200001a4	gte_adddvd	__gtemacro	void gte_adddvd(DVECTOR * r0, DVECTOR * r1, DVECTOR * r2)
F	200001a8	gte_RotTransPers	__gtemacro	void gte_RotTransPers(SVECTOR * r0, long * r1, long * r2, long * r3, long * r4)
F	200001ac	gte_RotTransPers3	__gtemacro	void gte_RotTransPers3(SVECTOR * r0, SVECTOR * r1, SVECTOR * r2, long * r3, long * r4, long * r5, long * r6, long * r7, long * r8)
F	200001b0	gte_RotTrans	__gtemacro	void gte_RotTrans(SVECTOR * r0, VECTOR * r1, long * r2)
F	200001b4	gte_LocalLight	__gtemacro	void gte_LocalLight(SVECTOR * r0, VECTOR * r1)
F	200001b8	gte_LightColor	__gtemacro	void gte_LightColor(VECTOR * r0, VECTOR * r1)
F	200001bc	gte_DpqColorLight	__gtemacro	void gte_DpqColorLight(VECTOR * r0, CVECTOR * r1, long r2, CVECTOR * r3)
F	200001c0	gte_DpqColor	__gtemacro	void gte_DpqColor(CVECTOR * r0, long r1, CVECTOR * r2)
F	200001c4	gte_DpqColor3	__gtemacro	void gte_DpqColor3(CVECTOR * r0, CVECTOR * r1, CVECTOR * r2, long r3, CVECTOR * r4, CVECTOR * r5, CVECTOR * r6)
F	200001c8	gte_Intpl	__gtemacro	void gte_Intpl(VECTOR * r0, long r1, CVECTOR * r2)
F	200001cc	gte_Square12	__gtemacro	void gte_Square12(VECTOR * r0, VECTOR * r1)
F	200001d0	gte_Square0	__gtemacro	void gte_Square0(VECTOR * r0, VECTOR * r1)
F	200001d4	gte_NormalColor	__gtemacro	void gte_NormalColor(SVECTOR * r0, CVECTOR * r1)
F	200001d8	gte_NormalColor3	__gtemacro	void gte_NormalColor3(SVECTOR * r0, SVECTOR * r1, SVECTOR * r2, CVECTOR * r3, CVECTOR * r4, CVECTOR * r5)
F	200001dc	gte_NormalColorDpq	__gtemacro	void gte_NormalColorDpq(SVECTOR * r0, CVECTOR * r1, long r2, CVECTOR * r3)
F	200001e0	gte_NormalColorDpq3	__gtemacro	void gte_NormalColorDpq3(SVECTOR * r0, SVECTOR * r1, SVECTOR * r2, CVECTOR * r3, long r4, CVECTOR * r5, CVECTOR * r6, CVECTOR * r7)
F	200001e4	gte_NormalColorCol	__gtemacro	void gte_NormalColorCol(SVECTOR * r0, CVECTOR * r1, CVECTOR * r2)
F	200001e8	gte_NormalColorCol3	__gtemacro	void gte_NormalColorCol3(SVECTOR * r0, SVECTOR * r1, SVECTOR * r2, CVECTOR * r3, CVECTOR * r4, CVECTOR * r5, CVECTOR * r6)
F	200001ec	gte_ColorDpq	__gtemacro	void gte_ColorDpq(VECTOR * r0, CVECTOR * r1, long r2, CVECTOR * r3)
F	200001f0	gte_ColorCol	__gtemacro	void gte_ColorCol(VECTOR * r0, CVECTOR * r1, CVECTOR * r2)
F	200001f4	gte_NormalClip	__gtemacro	void gte_NormalClip(long r0, long r1, long r2, long * r3)
F	200001f8	gte_AverageZ3	__gtemacro	void gte_AverageZ3(long r0, long r1, long r2, long * r3)
F	200001fc	gte_AverageZ4	__gtemacro	void gte_AverageZ4(long r0, long r1, long r2, long r3, long * r4)
F	20000200	gte_OuterProduct12	__gtemacro	void gte_OuterProduct12(VECTOR * r0, VECTOR * r1, VECTOR * r2)
F	20000204	gte_OuterProduct0	__gtemacro	void gte_OuterProduct0(VECTOR * r0, VECTOR * r1, VECTOR * r2)
F	20000208	gte_OuterProduct12SVL	__gtemacro	void gte_OuterProduct12SVL(SVECTOR * r0, SVECTOR * r1, VECTOR * r2)
F	2000020c	gte_OuterProduct0SVL	__gtemacro	void gte_OuterProduct0SVL(SVECTOR * r0, SVECTOR * r1, VECTOR * r2)
F	20000210	gte_OuterProduct12SV	__gtemacro	void gte_OuterProduct12SV(SVECTOR * r0, SVECTOR * r1, SVECTOR * r2)
F	20000214	gte_OuterProduct0SV	__gtemacro	void gte_OuterProduct0SV(SVECTOR * r0, SVECTOR * r1, SVECTOR * r2)
F	20000218	gte_Lzc	__gtemacro	void gte_Lzc(long r0, long * r1)
F	2000021c	gte_RotAverage3	__gtemacro	void gte_RotAverage3(SVECTOR * r0, SVECTOR * r1, SVECTOR * r2, long * r3, long * r4, long * r5, long * r6, long * r7, long * r8)
F	20000220	gte_RotNclip3	__gtemacro	void gte_RotNclip3(SVECTOR * r0, SVECTOR * r1, SVECTOR * r2, long * r3, long * r4, long * r5, long * r6, long * r7, long * r8, long * r9)
F	20000224	gte_RotAverageNclip3	__gtemacro	void gte_RotAverageNclip3(SVECTOR * r0, SVECTOR * r1, SVECTOR * r2, long * r3, long * r4, long * r5, long * r6, long * r7, long * r8, long * r9)
F	20000228	gte_RotColorDpq	__gtemacro	void gte_RotColorDpq(SVECTOR * r0, SVECTOR * r1, CVECTOR * r2, long * r3, CVECTOR * r4, long * r5, long * r6)
F	2000022c	gte_RotColorDpq3	__gtemacro	void gte_RotColorDpq3(SVECTOR * r0, SVECTOR * r1, SVECTOR * r2, SVECTOR * r3, SVECTOR * r4, SVECTOR * r5, CVECTOR * r6, long * r7, long * r8, long * r9, CVECTOR * r10, CVECTOR * r11, CVECTOR * r12, long * r13, long * r14)
F	20000230	gte_RotAverageNclipColorDpq3	__gtemacro	void gte_RotAverageNclipColorDpq3(SVECTOR * r0, SVECTOR * r1, SVECTOR * r2, SVECTOR * r3, SVECTOR * r4, SVECTOR * r5, CVECTOR * r6, long * r7, long * r8, long * r9, CVECTOR * r10, CVECTOR * r11, CVECTOR * r12, long * r13, long * r14, long * r15)
F	20000234	gte_RotAverageNclipColorCol3	__gtemacro	void gte_RotAverageNclipColorCol3(SVECTOR * r0, SVECTOR * r1, SVECTOR * r2, SVECTOR * r3, SVECTOR * r4, SVECTOR * r5, CVECTOR * r6, long * r7, long * r8, long * r9, CVECTOR * r10, CVECTOR * r11, CVECTOR * r12, long * r13, long * r14, long * r15)
F	20000238	gte_LoadAverage12	__gtemacro	void gte_LoadAverage12(VECTOR * r0, VECTOR * r1, long r2, long r3, VECTOR * r4)
F	2000023c	gte_LoadAverage0	__gtemacro	void gte_LoadAverage0(VECTOR * r0, VECTOR * r1, long r2, long r3, VECTOR * r4)
F	20000240	gte_LoadAverageShort12	__gtemacro	void gte_LoadAverageShort12(SVECTOR * r0, SVECTOR * r1, long r2, long r3, SVECTOR * r4)
F	20000244	gte_LoadAverageShort0	__gtemacro	void gte_LoadAverageShort0(SVECTOR * r0, SVECTOR * r1, long r2, long r3, SVECTOR * r4)
F	20000248	gte_LoadAverageByte	__gtemacro	void gte_LoadAverageByte(char * r0, char * r1, long r2, long r3, char * r4)
F	2000024c	gte_LoadAverageCol	__gtemacro	void gte_LoadAverageCol(CVECTOR * r0, CVECTOR * r1, long r2, long r3, CVECTOR * r4)
F	20000250	gte_MulMatrix0	__gtemacro	void gte_MulMatrix0(MATRIX * r0, MATRIX * r1, MATRIX * r2)
F	20000254	gte_ApplyMatrix	__gtemacro	void gte_ApplyMatrix(MATRIX * r0, SVECTOR * r1, VECTOR * r2)
F	20000258	gte_ApplyMatrixSV	__gtemacro	void gte_ApplyMatrixSV(MATRIX * r0, SVECTOR * r1, SVECTOR * r2)
F	2000025c	gte_CompMatrix	__gtemacro	void gte_CompMatrix(MATRIX * r0, MATRIX * r1, MATRIX * r2)
F	20000260	gte_ApplyRotMatrix	__gtemacro	void gte_ApplyRotMatrix(SVECTOR * r0, VECTOR * r1)
F	80011e64	__main	unknown	undefined __main(void)
F	80011e6c	start	unknown	undefined start(void)
F	80011e90	stup1	unknown	undefined stup1(void)
F	80011f0c	stup0	unknown	undefined stup0(void)
F	80011f18	2MBYTE_OBJ_B4	unknown	undefined 2MBYTE_OBJ_B4(void)
F	80011f28	main	unknown	undefined main(void)
F	80016ed8	_bu_init	unknown	undefined _bu_init(void)
F	80016ee8	_card_info	unknown	undefined _card_info(void)
F	80016ef8	_card_load	unknown	undefined _card_load(void)
F	80016f08	_card_write	unknown	undefined _card_write(void)
F	80016f18	_new_card	unknown	undefined _new_card(void)
F	80016fe4	InitCARD2	unknown	undefined InitCARD2(void)
F	80016ff4	StartCARD2	unknown	undefined StartCARD2(void)
F	80017004	StopCARD2	unknown	undefined StopCARD2(void)
F	80017028	PATCH_OBJ_14	unknown	undefined PATCH_OBJ_14(void)
F	8001706c	_patch_card	unknown	undefined _patch_card(void)
F	80017108	PATCH_OBJ_F4	unknown	undefined PATCH_OBJ_F4(void)
F	80017124	_patch_card2	unknown	undefined _patch_card2(void)
F	80017234	StSetRing	__stdcall	void StSetRing(u_long * ring_addr, u_long ring_size)
F	80017264	CdInit	unknown	int CdInit(void)
F	800172e0	EVENT_OBJ_7C	unknown	undefined EVENT_OBJ_7C(void)
F	800172f4	def_cbsync	unknown	undefined def_cbsync(void)
F	8001731c	def_cbready	unknown	undefined def_cbready(void)
F	80017344	def_cbread	unknown	undefined def_cbread(void)
F	8001736c	CdStatus	unknown	int CdStatus(void)
F	8001737c	CdMode	unknown	int CdMode(void)
F	8001738c	CdLastCom	unknown	int CdLastCom(void)
F	8001739c	CdLastPos	unknown	CdlLOC * CdLastPos(void)
F	800173ac	CdReset	__stdcall	int CdReset(int mode)
F	80017404	SYS_OBJ_98	unknown	undefined SYS_OBJ_98(void)
F	80017418	CdFlush	unknown	void CdFlush(void)
F	80017438	CdSetDebug	__stdcall	int CdSetDebug(int level)
F	80017450	CdComstr	__stdcall	char * CdComstr(u_char com)
F	8001747c	SYS_OBJ_110	unknown	undefined SYS_OBJ_110(void)
F	80017484	CdIntstr	__stdcall	char * CdIntstr(u_char intr)
F	800174b0	SYS_OBJ_144	unknown	undefined SYS_OBJ_144(void)
F	800174b8	CdSync	__stdcall	int CdSync(int mode, u_char * result)
F	800174d8	CdReady	__stdcall	int CdReady(int mode, u_char * result)
F	800174f8	CdSyncCallback	__stdcall	CdlCB CdSyncCallback(CdlCB func)
F	80017510	CdReadyCallback	__stdcall	CdlCB CdReadyCallback(CdlCB func)
F	80017528	CdControl	__stdcall	int CdControl(u_char com, u_char * param, u_char * result)
F	80017660	CdControlF	__stdcall	int CdControlF(u_char com, u_char * param)
F	8001778c	CdControlB	__stdcall	int CdControlB(u_char com, u_char * param, u_char * result)
F	800178a4	SYS_OBJ_538	unknown	undefined SYS_OBJ_538(void)
F	800178d0	CdMix	__stdcall	int CdMix(CdlATV * vol)
F	800178f0	CdGetSector	__stdcall	int CdGetSector(void * madr, int size)
F	80017910	CdDataCallback	__stdcall	_func_49 * CdDataCallback(func * func)
F	80017934	CdDataSync	__stdcall	int CdDataSync(int mode)
F	80017954	CdIntToPos	__stdcall	CdlLOC * CdIntToPos(int i, CdlLOC * p)
F	80017a58	CdPosToInt	__stdcall	int CdPosToInt(CdlLOC * p)
F	80017ad8	getintr	unknown	undefined getintr(void)
F	80017b3c	BIOS_OBJ_64	unknown	undefined BIOS_OBJ_64(void)
F	80017d44	BIOS_OBJ_26C	unknown	undefined BIOS_OBJ_26C(void)
F	80017e44	BIOS_OBJ_36C	unknown	undefined BIOS_OBJ_36C(void)
F	80017e90	BIOS_OBJ_3B8	unknown	undefined BIOS_OBJ_3B8(void)
F	80017f14	BIOS_OBJ_43C	unknown	undefined BIOS_OBJ_43C(void)
F	80017f98	BIOS_OBJ_4C0	unknown	undefined BIOS_OBJ_4C0(void)
F	80018048	BIOS_OBJ_570	unknown	undefined BIOS_OBJ_570(void)
F	80018060	CD_sync	unknown	undefined CD_sync(void)
F	8001818c	BIOS_OBJ_6B4	unknown	undefined BIOS_OBJ_6B4(void)
F	800181bc	BIOS_OBJ_6E4	unknown	undefined BIOS_OBJ_6E4(void)
F	800182b4	BIOS_OBJ_7DC	unknown	undefined BIOS_OBJ_7DC(void)
F	800182e0	CD_ready	unknown	undefined CD_ready(void)
F	80018414	BIOS_OBJ_93C	unknown	undefined BIOS_OBJ_93C(void)
F	80018444	BIOS_OBJ_96C	unknown	undefined BIOS_OBJ_96C(void)
F	8001857c	BIOS_OBJ_AA4	unknown	undefined BIOS_OBJ_AA4(void)
F	800185ac	CD_cw	unknown	undefined CD_cw(void)
F	80018884	BIOS_OBJ_DAC	unknown	undefined BIOS_OBJ_DAC(void)
F	800188b4	BIOS_OBJ_DDC	unknown	undefined BIOS_OBJ_DDC(void)
F	800189a0	BIOS_OBJ_EC8	unknown	undefined BIOS_OBJ_EC8(void)
F	800189c8	CD_vol	unknown	undefined CD_vol(void)
F	80018a50	CD_flush	unknown	undefined CD_flush(void)
F	80018b30	CD_initvol	unknown	undefined CD_initvol(void)
F	80018c24	CD_initintr	unknown	undefined CD_initintr(void)
F	80018c74	CD_init	unknown	undefined CD_init(void)
F	80018e60	CD_datasync	unknown	undefined CD_datasync(void)
F	80018f7c	BIOS_OBJ_14A4	unknown	undefined BIOS_OBJ_14A4(void)
F	80018fcc	CD_getsector	unknown	undefined CD_getsector(void)
F	800190cc	CD_set_test_parmnum	unknown	undefined CD_set_test_parmnum(void)
F	800190dc	callback	unknown	undefined callback(void)
F	80019110	BIOS_OBJ_1638	unknown	undefined BIOS_OBJ_1638(void)
F	800191c0	CdSearchFile	__stdcall	CdlFILE * CdSearchFile(CdlFILE * $30, char * name)
F	800192b8	ISO9660_OBJ_F8	unknown	undefined ISO9660_OBJ_F8(void)
F	8001945c	ISO9660_OBJ_29C	unknown	undefined ISO9660_OBJ_29C(void)
F	80019468	ISO9660_OBJ_2A8	unknown	undefined ISO9660_OBJ_2A8(void)
F	8001948c	_cmp	__stdcall	int _cmp(void * param_1, void * param_2)
F	800194ac	CD_newmedia	unknown	undefined CD_newmedia(void)
F	80019764	ISO9660_OBJ_5A4	unknown	undefined ISO9660_OBJ_5A4(void)
F	8001978c	CD_searchdir	unknown	undefined CD_searchdir(void)
F	80019810	ISO9660_OBJ_650	unknown	undefined ISO9660_OBJ_650(void)
F	80019834	CD_cachefile	unknown	undefined CD_cachefile(void)
F	800199b4	ISO9660_OBJ_7F4	unknown	undefined ISO9660_OBJ_7F4(void)
F	800199d0	ISO9660_OBJ_810	unknown	undefined ISO9660_OBJ_810(void)
F	80019ab4	ISO9660_OBJ_8F4	unknown	undefined ISO9660_OBJ_8F4(void)
F	80019ae0	cd_read	unknown	undefined cd_read(void)
F	80019b4c	memcpy	__stdcall	void * memcpy(void)
F	80019b80	cb_read	unknown	undefined cb_read(void)
F	80019c88	CDREAD_OBJ_108	unknown	undefined CDREAD_OBJ_108(void)
F	80019d94	cd_read_retry	unknown	undefined cd_read_retry(void)
F	80019f40	CDREAD_OBJ_3C0	unknown	undefined CDREAD_OBJ_3C0(void)
F	80019f60	CdReadBreak	unknown	void CdReadBreak(void)
F	80019fb0	CdRead	__stdcall	int CdRead(int sectors, u_long * buf, int mode)
F	80019fec	CDREAD_OBJ_46C	unknown	undefined CDREAD_OBJ_46C(void)
F	8001a090	CdReadSync	__stdcall	int CdReadSync(int mode, u_char * result)
F	8001a120	CDREAD_OBJ_5A0	unknown	undefined CDREAD_OBJ_5A0(void)
F	8001a15c	CdReadCallback	__stdcall	CdlCB CdReadCallback(CdlCB func)
F	8001a174	CdRead2	__stdcall	int CdRead2(long mode)
F	8001a1c4	CDREAD2_OBJ_50	unknown	undefined CDREAD2_OBJ_50(void)
F	8001a208	StCdInterrupt2	unknown	undefined StCdInterrupt2(void)
F	8001a228	StClearRing	unknown	void StClearRing(void)
F	8001a2e0	data_ready_callback	unknown	undefined data_ready_callback(void)
F	8001a370	StGetBackloc	__stdcall	int StGetBackloc(CdlLOC * loc)
F	8001a3bc	C_004_OBJ_DC	unknown	undefined C_004_OBJ_DC(void)
F	8001a3d0	StSetStream	__stdcall	void StSetStream(u_long mode, u_long start_frame, u_long end_frame, func1 * func1, func2 * func2)
F	8001a458	StFreeRing	__stdcall	u_long StFreeRing(u_long * base)
F	8001a504	C_007_OBJ_AC	unknown	undefined C_007_OBJ_AC(void)
F	8001a510	init_ring_status	unknown	undefined init_ring_status(void)
F	8001a54c	StGetNext	__stdcall	u_long StGetNext(u_long * * addr, u_long * * header)
F	8001a630	StCdInterrupt	unknown	void StCdInterrupt(void)
F	8001a8a0	C_011_OBJ_270	unknown	undefined C_011_OBJ_270(void)
F	8001aa00	C_011_OBJ_3D0	unknown	undefined C_011_OBJ_3D0(void)
F	8001adec	C_011_OBJ_7BC	unknown	undefined C_011_OBJ_7BC(void)
F	8001ae8c	C_011_OBJ_85C	unknown	undefined C_011_OBJ_85C(void)
F	8001af30	C_011_OBJ_900	unknown	undefined C_011_OBJ_900(void)
F	8001af90	C_011_OBJ_960	unknown	undefined C_011_OBJ_960(void)
F	8001afa0	mem2mem	unknown	undefined mem2mem(void)
F	8001afd4	dma_execute	unknown	undefined dma_execute(void)
F	8001b060	C_011_OBJ_A30	unknown	undefined C_011_OBJ_A30(void)
F	8001b0c0	C_011_OBJ_A90	unknown	undefined C_011_OBJ_A90(void)
F	8001b190	SpuRGetAllKeysStatus	__stdcall	long SpuRGetAllKeysStatus(long min_, long max_, char * status)
F	8001b244	SR_GAKS_OBJ_B4	unknown	undefined SR_GAKS_OBJ_B4(void)
F	8001b258	SR_GAKS_OBJ_C8	unknown	undefined SR_GAKS_OBJ_C8(void)
F	8001b260	SpuGetAllKeysStatus	__stdcall	void SpuGetAllKeysStatus(char * status)
F	8001b2d0	SR_GAKS_OBJ_140	unknown	undefined SR_GAKS_OBJ_140(void)
F	8001b2e8	_spu_init	unknown	undefined _spu_init(void)
F	8001b3c4	SPU_OBJ_DC	unknown	undefined SPU_OBJ_DC(void)
F	8001b57c	_spu_writeByIO	unknown	undefined _spu_writeByIO(void)
F	8001b694	SPU_OBJ_3AC	unknown	undefined SPU_OBJ_3AC(void)
F	8001b728	SPU_OBJ_440	unknown	undefined SPU_OBJ_440(void)
F	8001b748	_spu_FiDMA	unknown	undefined _spu_FiDMA(void)
F	8001b808	SPU_OBJ_520	unknown	undefined SPU_OBJ_520(void)
F	8001b818	_spu_r_	unknown	undefined _spu_r_(void)
F	8001b8d4	_spu_t	unknown	undefined _spu_t(void)
F	8001bac8	SPU_OBJ_7E0	unknown	undefined SPU_OBJ_7E0(void)
F	8001bb50	SPU_OBJ_868	unknown	undefined SPU_OBJ_868(void)
F	8001bb64	_spu_write	unknown	undefined _spu_write(void)
F	8001bbd4	SPU_OBJ_8EC	unknown	undefined SPU_OBJ_8EC(void)
F	8001bbec	_spu_read	unknown	undefined _spu_read(void)
F	8001bc54	_spu_FsetRXX	unknown	undefined _spu_FsetRXX(void)
F	8001bc94	SPU_OBJ_9AC	unknown	undefined SPU_OBJ_9AC(void)
F	8001bc9c	_spu_FsetRXXa	unknown	undefined _spu_FsetRXXa(void)
F	8001bd38	SPU_OBJ_A50	unknown	undefined SPU_OBJ_A50(void)
F	8001bd40	_spu_FgetRXXa	unknown	undefined _spu_FgetRXXa(void)
F	8001bd74	SPU_OBJ_A8C	unknown	undefined SPU_OBJ_A8C(void)
F	8001bd7c	_spu_FsetPCR	unknown	undefined _spu_FsetPCR(void)
F	8001bdcc	SPU_OBJ_AE4	unknown	undefined SPU_OBJ_AE4(void)
F	8001bddc	_spu_FsetDelayW	unknown	undefined _spu_FsetDelayW(void)
F	8001be08	_spu_FsetDelayR	unknown	undefined _spu_FsetDelayR(void)
F	8001be34	_spu_FwaitFs	unknown	undefined _spu_FwaitFs(void)
F	8001be74	SPU_OBJ_B8C	unknown	undefined SPU_OBJ_B8C(void)
F	8001be94	_SpuInit	unknown	undefined _SpuInit(void)
F	8001bf8c	SpuStart	unknown	void SpuStart(void)
F	8001c008	_SpuDataCallback	unknown	undefined _SpuDataCallback(void)
F	8001c02c	_SsClose	unknown	undefined _SsClose(void)
F	8001c1a8	SsSeqClose	__stdcall	void SsSeqClose(short param_1)
F	8001c1cc	SsSepClose	__stdcall	void SsSepClose(short param_1)
F	8001c1f0	SsEnd	unknown	void SsEnd(void)
F	8001c290	SSEND_OBJ_A0	unknown	undefined SSEND_OBJ_A0(void)
F	8001c2b4	_SsInit	unknown	void _SsInit(void)
F	8001c3cc	SpuInit	unknown	void SpuInit(void)
F	8001c3ec	SsSeqOpen	__stdcall	short SsSeqOpen(ulong * param_1, short param_2)
F	8001c6e8	SSOPENQ_OBJ_2FC	unknown	undefined SSOPENQ_OBJ_2FC(void)
F	8001c6fc	_SsContBankChange	__stdcall	void _SsContBankChange(short param_1, short param_2)
F	8001c77c	_SsContDataEntry	__stdcall	void _SsContDataEntry(short param_1, short param_2, uchar param_3)
F	8001c928	CC_6_OBJ_1AC	unknown	undefined CC_6_OBJ_1AC(void)
F	8001c940	CC_6_OBJ_1C4	unknown	undefined CC_6_OBJ_1C4(void)
F	8001c944	CC_6_OBJ_1C8	unknown	undefined CC_6_OBJ_1C8(void)
F	8001cb44	CC_6_OBJ_3C8	unknown	undefined CC_6_OBJ_3C8(void)
F	8001cb6c	CC_6_OBJ_3F0	unknown	undefined CC_6_OBJ_3F0(void)
F	8001cb78	CC_6_OBJ_3FC	unknown	undefined CC_6_OBJ_3FC(void)
F	8001cbac	_SsContMainVol	__stdcall	void _SsContMainVol(short param_1, short param_2, uchar param_3)
F	8001cc84	_SsContPanpot	__stdcall	void _SsContPanpot(short param_1, short param_2, uchar param_3)
F	8001cd54	_SsContDamper	__stdcall	void _SsContDamper(short param_1, short param_2, uchar param_3)
F	8001cdd4	CC_64_OBJ_80	unknown	undefined CC_64_OBJ_80(void)
F	8001ce04	_SsContExternal	__stdcall	void _SsContExternal(short param_1, short param_2, uchar param_3)
F	8001ce94	_SsContNrpn1	__stdcall	void _SsContNrpn1(short param_1, short param_2, uchar param_3)
F	8001cf48	CC_98_OBJ_B4	unknown	undefined CC_98_OBJ_B4(void)
F	8001cfcc	_SsContNrpn2	__stdcall	void _SsContNrpn2(short param_1, short param_2, uchar param_3)
F	8001d0cc	CC_99_OBJ_100	unknown	undefined CC_99_OBJ_100(void)
F	8001d0e8	CC_99_OBJ_11C	unknown	undefined CC_99_OBJ_11C(void)
F	8001d0f4	CC_99_OBJ_128	unknown	undefined CC_99_OBJ_128(void)
F	8001d108	_SsContRpn1	__stdcall	void _SsContRpn1(short param_1, short param_2, uchar param_3)
F	8001d180	_SsContRpn2	__stdcall	void _SsContRpn2(short param_1, short param_2, uchar param_3)
F	8001d1f8	_SsContResetAll	__stdcall	void _SsContResetAll(short param_1, short param_2)
F	8001d2bc	_SsSetNrpnVabAttr0	__stdcall	void _SsSetNrpnVabAttr0(short param_1, short param_2, short param_3, VagAtr param_4, short param_5, uchar param_6)
F	8001d34c	_SsSetNrpnVabAttr1	__stdcall	void _SsSetNrpnVabAttr1(short param_1, short param_2, short param_3, VagAtr param_4, short param_5, uchar param_6)
F	8001d3e4	DE_1_OBJ_98	unknown	undefined DE_1_OBJ_98(void)
F	8001d408	_SsSetNrpnVabAttr2	__stdcall	void _SsSetNrpnVabAttr2(short param_1, short param_2, short param_3, VagAtr param_4, short param_5, uchar param_6)
F	8001d498	_SsSetNrpnVabAttr3	__stdcall	void _SsSetNrpnVabAttr3(short param_1, short param_2, short param_3, VagAtr param_4, short param_5, uchar param_6)
F	8001d528	_SsSetNrpnVabAttr4	__stdcall	void _SsSetNrpnVabAttr4(short param_1, short param_2, short param_3, VagAtr param_4, short param_5, uchar param_6)
F	8001d5dc	_SsUtResolveADSR	unknown	undefined _SsUtResolveADSR(void)
F	8001d638	_SsUtBuildADSR	unknown	undefined _SsUtBuildADSR(void)
F	8001d6c4	_SsSetNrpnVabAttr5	__stdcall	void _SsSetNrpnVabAttr5(short param_1, short param_2, short param_3, VagAtr param_4, short param_5, uchar param_6)
F	8001d77c	_SsSetNrpnVabAttr6	__stdcall	void _SsSetNrpnVabAttr6(short param_1, short param_2, short param_3, VagAtr param_4, short param_5, uchar param_6)
F	8001d82c	_SsSetNrpnVabAttr7	__stdcall	void _SsSetNrpnVabAttr7(short param_1, short param_2, short param_3, VagAtr param_4, short param_5, uchar param_6)
F	8001d8dc	_SsSetNrpnVabAttr8	__stdcall	void _SsSetNrpnVabAttr8(short param_1, short param_2, short param_3, VagAtr param_4, short param_5, uchar param_6)
F	8001d990	_SsSetNrpnVabAttr9	__stdcall	void _SsSetNrpnVabAttr9(short param_1, short param_2, short param_3, VagAtr param_4, short param_5, uchar param_6)
F	8001da48	_SsSetNrpnVabAttr10	__stdcall	void _SsSetNrpnVabAttr10(short param_1, short param_2, short param_3, VagAtr param_4, short param_5, uchar param_6)
F	8001dafc	_SsSetNrpnVabAttr11	__stdcall	void _SsSetNrpnVabAttr11(short param_1, short param_2, short param_3, VagAtr param_4, short param_5, uchar param_6)
F	8001dba4	_SsSetNrpnVabAttr12	__stdcall	void _SsSetNrpnVabAttr12(short param_1, short param_2, short param_3, VagAtr param_4, short param_5, uchar param_6)
F	8001dc2c	DE_12_OBJ_88	unknown	undefined DE_12_OBJ_88(void)
F	8001dc80	_SsSetNrpnVabAttr13	__stdcall	void _SsSetNrpnVabAttr13(short param_1, short param_2, short param_3, VagAtr param_4, short param_5, uchar param_6)
F	8001dd20	_SsSetNrpnVabAttr14	__stdcall	void _SsSetNrpnVabAttr14(short param_1, short param_2, short param_3, VagAtr param_4, short param_5, uchar param_6)
F	8001ddc0	_SsSetNrpnVabAttr15	__stdcall	void _SsSetNrpnVabAttr15(short param_1, short param_2, short param_3, VagAtr param_4, short param_5, uchar param_6)
F	8001dde4	_SsSetNrpnVabAttr16	__stdcall	void _SsSetNrpnVabAttr16(short param_1, short param_2, short param_3, VagAtr param_4, short param_5, uchar param_6)
F	8001de78	_SsSetPitchBend	__stdcall	void _SsSetPitchBend(short param_1, short param_2)
F	8001df30	_SsSetControlChange	__stdcall	void _SsSetControlChange(short param_1, short param_2, uchar param_3)
F	8001e110	MIDICC_OBJ_1E0	unknown	undefined MIDICC_OBJ_1E0(void)
F	8001e144	MIDICC_OBJ_214	unknown	undefined MIDICC_OBJ_214(void)
F	8001e150	MIDICC_OBJ_220	unknown	undefined MIDICC_OBJ_220(void)
F	8001e15c	MIDICC_OBJ_22C	unknown	undefined MIDICC_OBJ_22C(void)
F	8001e170	_SsGetMetaEvent	__stdcall	void _SsGetMetaEvent(short param_1, short param_2, uchar param_3)
F	8001e318	MIDIMETA_OBJ_1A8	unknown	undefined MIDIMETA_OBJ_1A8(void)
F	8001e348	_SsNoteOn	__stdcall	void _SsNoteOn(short param_1, short param_2, uchar param_3, uchar param_4)
F	8001e420	MIDINOTE_OBJ_D8	unknown	undefined MIDINOTE_OBJ_D8(void)
F	8001e430	_SsSetProgramChange	__stdcall	void _SsSetProgramChange(short param_1, short param_2, uchar param_3)
F	8001e4a8	_SsReadDeltaValue	unknown	undefined _SsReadDeltaValue(void)
F	8001e558	MIDITIME_OBJ_B0	unknown	undefined MIDITIME_OBJ_B0(void)
F	8001e560	_SsInitSoundSeq	unknown	undefined _SsInitSoundSeq(void)
F	8001e728	SEQINIT_OBJ_1C8	unknown	undefined SEQINIT_OBJ_1C8(void)
F	8001e854	SEQINIT_OBJ_2F4	unknown	undefined SEQINIT_OBJ_2F4(void)
F	8001e864	SEQINIT_OBJ_304	unknown	undefined SEQINIT_OBJ_304(void)
F	8001e878	SsSeqPlay	__stdcall	void SsSeqPlay(short param_1, char param_2, short param_3)
F	8001e8b0	SsSepPlay	__stdcall	void SsSepPlay(short param_1, short param_2, char param_3, short param_4)
F	8001e8e8	Snd_SetPlayMode	unknown	undefined Snd_SetPlayMode(void)
F	8001e9d8	PLAYMODE_OBJ_F0	unknown	undefined PLAYMODE_OBJ_F0(void)
F	8001e9e8	SsSetSerialAttr	__stdcall	void SsSetSerialAttr(char param_1, char param_2, char param_3)
F	8001ea7c	SpuSetCommonAttr	__stdcall	void SpuSetCommonAttr(SpuCommonAttr * attr)
F	8001ead8	S_SCA_OBJ_5C	unknown	undefined S_SCA_OBJ_5C(void)
F	8001eae0	S_SCA_OBJ_64	unknown	undefined S_SCA_OBJ_64(void)
F	8001eae8	S_SCA_OBJ_6C	unknown	undefined S_SCA_OBJ_6C(void)
F	8001eaf0	S_SCA_OBJ_74	unknown	undefined S_SCA_OBJ_74(void)
F	8001eaf8	S_SCA_OBJ_7C	unknown	undefined S_SCA_OBJ_7C(void)
F	8001eb00	S_SCA_OBJ_84	unknown	undefined S_SCA_OBJ_84(void)
F	8001eb08	S_SCA_OBJ_8C	unknown	undefined S_SCA_OBJ_8C(void)
F	8001eb10	S_SCA_OBJ_94	unknown	undefined S_SCA_OBJ_94(void)
F	8001eb18	S_SCA_OBJ_9C	unknown	undefined S_SCA_OBJ_9C(void)
F	8001eb48	S_SCA_OBJ_CC	unknown	undefined S_SCA_OBJ_CC(void)
F	8001eba0	S_SCA_OBJ_124	unknown	undefined S_SCA_OBJ_124(void)
F	8001eba8	S_SCA_OBJ_12C	unknown	undefined S_SCA_OBJ_12C(void)
F	8001ebb0	S_SCA_OBJ_134	unknown	undefined S_SCA_OBJ_134(void)
F	8001ebb8	S_SCA_OBJ_13C	unknown	undefined S_SCA_OBJ_13C(void)
F	8001ebc0	S_SCA_OBJ_144	unknown	undefined S_SCA_OBJ_144(void)
F	8001ebc8	S_SCA_OBJ_14C	unknown	undefined S_SCA_OBJ_14C(void)
F	8001ebd0	S_SCA_OBJ_154	unknown	undefined S_SCA_OBJ_154(void)
F	8001ebd8	S_SCA_OBJ_15C	unknown	undefined S_SCA_OBJ_15C(void)
F	8001ebe0	S_SCA_OBJ_164	unknown	undefined S_SCA_OBJ_164(void)
F	8001ec10	S_SCA_OBJ_194	unknown	undefined S_SCA_OBJ_194(void)
F	8001ed04	S_SCA_OBJ_288	unknown	undefined S_SCA_OBJ_288(void)
F	8001ed58	S_SCA_OBJ_2DC	unknown	undefined S_SCA_OBJ_2DC(void)
F	8001edac	S_SCA_OBJ_330	unknown	undefined S_SCA_OBJ_330(void)
F	8001ee00	S_SCA_OBJ_384	unknown	undefined S_SCA_OBJ_384(void)
F	8001ee10	SsSetMVol	__stdcall	void SsSetMVol(short param_1, short param_2)
F	8001ee60	SsSetRVol	__stdcall	void SsSetRVol(short param_1, short param_2)
F	8001eee8	SpuSetReverbDepth	__stdcall	long SpuSetReverbDepth(SpuReverbAttr * attr)
F	8001ef60	_SsStart	unknown	void _SsStart(void)
F	8001f03c	SSSTART_OBJ_DC	unknown	undefined SSSTART_OBJ_DC(void)
F	8001f0ec	SSSTART_OBJ_18C	unknown	undefined SSSTART_OBJ_18C(void)
F	8001f1a0	SSSTART_OBJ_240	unknown	undefined SSSTART_OBJ_240(void)
F	8001f1a8	SSSTART_OBJ_248	unknown	undefined SSSTART_OBJ_248(void)
F	8001f1b0	SSSTART_OBJ_250	unknown	undefined SSSTART_OBJ_250(void)
F	8001f1c8	SpuInitHot	unknown	void SpuInitHot(void)
F	8001f1e8	SsStart2	unknown	void SsStart2(void)
F	8001f208	_SsTrapIntrVSync	unknown	undefined _SsTrapIntrVSync(void)
F	8001f248	_SsSeqCalledTbyT_1per2	unknown	undefined _SsSeqCalledTbyT_1per2(void)
F	8001f288	SSSTART_OBJ_328	unknown	undefined SSSTART_OBJ_328(void)
F	8001f298	SsSeqCalledTbyT	unknown	void SsSeqCalledTbyT(void)
F	8001f50c	_SsSndCrescendo	unknown	undefined _SsSndCrescendo(void)
F	8001f6f4	CRES_OBJ_1E8	unknown	undefined CRES_OBJ_1E8(void)
F	8001f740	CRES_OBJ_234	unknown	undefined CRES_OBJ_234(void)
F	8001f7ec	_SsSndDecrescendo	unknown	undefined _SsSndDecrescendo(void)
F	8001f9b8	DECRES_OBJ_1CC	unknown	undefined DECRES_OBJ_1CC(void)
F	8001f9e4	DECRES_OBJ_1F8	unknown	undefined DECRES_OBJ_1F8(void)
F	8001fa8c	_SsSndPause	unknown	undefined _SsSndPause(void)
F	8001fb30	_SsSndPlay	unknown	undefined _SsSndPlay(void)
F	8001fb5c	_SsSeqPlay	unknown	undefined _SsSeqPlay(void)
F	8001fc48	MIDIREAD_OBJ_EC	unknown	undefined MIDIREAD_OBJ_EC(void)
F	8001fc4c	MIDIREAD_OBJ_F0	unknown	undefined MIDIREAD_OBJ_F0(void)
F	8001fc6c	_SsSeqGetEof	unknown	undefined _SsSeqGetEof(void)
F	8001fe14	MIDIREAD_OBJ_2B8	unknown	undefined MIDIREAD_OBJ_2B8(void)
F	8001fe30	_SsGetSeqData	unknown	undefined _SsGetSeqData(void)
F	8002005c	MIDIREAD_OBJ_500	unknown	undefined MIDIREAD_OBJ_500(void)
F	800200a0	MIDIREAD_OBJ_544	unknown	undefined MIDIREAD_OBJ_544(void)
F	800200dc	MIDIREAD_OBJ_580	unknown	undefined MIDIREAD_OBJ_580(void)
F	800200e4	MIDIREAD_OBJ_588	unknown	undefined MIDIREAD_OBJ_588(void)
F	800200e8	MIDIREAD_OBJ_58C	unknown	undefined MIDIREAD_OBJ_58C(void)
F	800200f0	MIDIREAD_OBJ_594	unknown	undefined MIDIREAD_OBJ_594(void)
F	80020114	_SsSndNextSep	unknown	undefined _SsSndNextSep(void)
F	8002021c	_SsSndReplay	unknown	undefined _SsSndReplay(void)
F	80020284	_SsSndStop	unknown	undefined _SsSndStop(void)
F	800203ec	SsSeqStop	__stdcall	void SsSeqStop(short param_1)
F	80020414	SsSepStop	__stdcall	void SsSepStop(short param_1, short param_2)
F	80020440	SsSetSerialVol	__stdcall	void SsSetSerialVol(char param_1, short param_2, short param_3)
F	8002053c	SsSetTableSize	__stdcall	void SsSetTableSize(char * param_1, short param_2, short param_3)
F	8002071c	SsSetTickMode	__stdcall	void SsSetTickMode(long param_1)
F	8002076c	SSTICK_OBJ_50	unknown	undefined SSTICK_OBJ_50(void)
F	800207a4	SSTICK_OBJ_88	unknown	undefined SSTICK_OBJ_88(void)
F	800207cc	SSTICK_OBJ_B0	unknown	undefined SSTICK_OBJ_B0(void)
F	800207f4	SSTICK_OBJ_D8	unknown	undefined SSTICK_OBJ_D8(void)
F	80020808	SSTICK_OBJ_EC	unknown	undefined SSTICK_OBJ_EC(void)
F	8002081c	SSTICK_OBJ_100	unknown	undefined SSTICK_OBJ_100(void)
F	80020834	SSTICK_OBJ_118	unknown	undefined SSTICK_OBJ_118(void)
F	8002085c	SSTICK_OBJ_140	unknown	undefined SSTICK_OBJ_140(void)
F	80020874	SSTICK_OBJ_158	unknown	undefined SSTICK_OBJ_158(void)
F	80020888	_SsSndSetVol	unknown	undefined _SsSndSetVol(void)
F	800208c0	SsSeqSetVol	__stdcall	void SsSeqSetVol(short param_1, short param_2, short param_3)
F	800208f0	SsSepSetVol	__stdcall	void SsSepSetVol(short param_1, short param_2, short param_3, short param_4)
F	80020928	SsSeqGetVol	__stdcall	void SsSeqGetVol(short param_1, short param_2, short * param_3, short * param_4)
F	8002095c	_SsSndTempo	unknown	undefined _SsSndTempo(void)
F	80020a38	TEMPO_OBJ_DC	unknown	undefined TEMPO_OBJ_DC(void)
F	80020a44	TEMPO_OBJ_E8	unknown	undefined TEMPO_OBJ_E8(void)
F	80020b3c	SsUtAllKeyOff	__stdcall	void SsUtAllKeyOff(short param_1)
F	80020c74	SsUtChangePitch	__stdcall	short SsUtChangePitch(short param_1, short param_2, short param_3, short param_4, short param_5, short param_6, short param_7)
F	80020d90	UT_CP_OBJ_11C	unknown	undefined UT_CP_OBJ_11C(void)
F	80020db4	SsUtGetProgAtr	__stdcall	short SsUtGetProgAtr(short param_1, short param_2, ProgAtr * param_3)
F	80020ea4	UT_GPA_OBJ_F0	unknown	undefined UT_GPA_OBJ_F0(void)
F	80020ebc	SsUtGetVagAtr	__stdcall	short SsUtGetVagAtr(short param_1, short param_2, short param_3, VagAtr * param_4)
F	800210e0	UT_GVA_OBJ_224	unknown	undefined UT_GVA_OBJ_224(void)
F	800210f8	SsUtKeyOn	__stdcall	short SsUtKeyOn(short param_1, short param_2, short param_3, short param_4, short param_5, short param_6, short param_7)
F	8002125c	UT_KEY_OBJ_164	unknown	undefined UT_KEY_OBJ_164(void)
F	80021268	UT_KEY_OBJ_170	unknown	undefined UT_KEY_OBJ_170(void)
F	80021454	UT_KEY_OBJ_35C	unknown	undefined UT_KEY_OBJ_35C(void)
F	80021460	UT_KEY_OBJ_368	unknown	undefined UT_KEY_OBJ_368(void)
F	80021494	SsUtKeyOff	__stdcall	short SsUtKeyOff(short param_1, short param_2, short param_3, short param_4, short param_5)
F	80021580	UT_KEY_OBJ_488	unknown	undefined UT_KEY_OBJ_488(void)
F	8002159c	UT_KEY_OBJ_4A4	unknown	undefined UT_KEY_OBJ_4A4(void)
F	800215ac	SsUtKeyOnV	__stdcall	short SsUtKeyOnV(short voice, short vabId, short prog, short tone, short note, short fine, short voll, short volr)
F	80021720	UT_KEYV_OBJ_174	unknown	undefined UT_KEYV_OBJ_174(void)
F	8002172c	UT_KEYV_OBJ_180	unknown	undefined UT_KEYV_OBJ_180(void)
F	800218fc	UT_KEYV_OBJ_350	unknown	undefined UT_KEYV_OBJ_350(void)
F	8002190c	UT_KEYV_OBJ_360	unknown	undefined UT_KEYV_OBJ_360(void)
F	80021940	SsUtKeyOffV	__stdcall	short SsUtKeyOffV(short voice)
F	800219a8	UT_KEYV_OBJ_3FC	unknown	undefined UT_KEYV_OBJ_3FC(void)
F	800219b8	SsUtSetReverbDelay	__stdcall	void SsUtSetReverbDelay(short param_1)
F	800219f8	SpuSetReverbModeParam	__stdcall	long SpuSetReverbModeParam(SpuReverbAttr * attr)
F	80021b68	S_SRMP_OBJ_170	unknown	undefined S_SRMP_OBJ_170(void)
F	80021b78	S_SRMP_OBJ_180	unknown	undefined S_SRMP_OBJ_180(void)
F	80021d2c	S_SRMP_OBJ_334	unknown	undefined S_SRMP_OBJ_334(void)
F	80021e18	S_SRMP_OBJ_420	unknown	undefined S_SRMP_OBJ_420(void)
F	80021e3c	S_SRMP_OBJ_444	unknown	undefined S_SRMP_OBJ_444(void)
F	80021ebc	S_SRMP_OBJ_4C4	unknown	undefined S_SRMP_OBJ_4C4(void)
F	80021ef0	_SpuIsInAllocateArea	unknown	undefined _SpuIsInAllocateArea(void)
F	80021f1c	S_M_UTIL_OBJ_2C	unknown	undefined S_M_UTIL_OBJ_2C(void)
F	80021f68	S_M_UTIL_OBJ_78	unknown	undefined S_M_UTIL_OBJ_78(void)
F	80021f70	_SpuIsInAllocateArea_	unknown	undefined _SpuIsInAllocateArea_(void)
F	80021fa8	S_M_UTIL_OBJ_B8	unknown	undefined S_M_UTIL_OBJ_B8(void)
F	80021ff4	S_M_UTIL_OBJ_104	unknown	undefined S_M_UTIL_OBJ_104(void)
F	80021ffc	_spu_setReverbAttr	unknown	undefined _spu_setReverbAttr(void)
F	800224cc	SpuClearReverbWorkArea	__stdcall	long SpuClearReverbWorkArea(long mode)
F	80022568	S_CRWA_OBJ_9C	unknown	undefined S_CRWA_OBJ_9C(void)
F	800225cc	S_CRWA_OBJ_100	unknown	undefined S_CRWA_OBJ_100(void)
F	80022640	S_CRWA_OBJ_174	unknown	undefined S_CRWA_OBJ_174(void)
F	80022668	SsUtSetReverbDepth	__stdcall	void SsUtSetReverbDepth(short param_1, short param_2)
F	80022700	SsUtSetReverbType	__stdcall	short SsUtSetReverbType(short param_1)
F	80022750	UT_REV_OBJ_50	unknown	undefined UT_REV_OBJ_50(void)
F	80022790	UT_REV_OBJ_90	unknown	undefined UT_REV_OBJ_90(void)
F	800227a4	SsUtGetReverbType	unknown	short SsUtGetReverbType(void)
F	800227b4	SpuSetReverb	__stdcall	long SpuSetReverb(long on_off)
F	80022864	S_SR_OBJ_B0	unknown	undefined S_SR_OBJ_B0(void)
F	80022868	S_SR_OBJ_B4	unknown	undefined S_SR_OBJ_B4(void)
F	80022884	SsUtSetReverbFeedback	__stdcall	void SsUtSetReverbFeedback(short param_1)
F	800228c4	SpuInit	unknown	void SpuInit(void)
F	80022904	SsUtSetVagAtr	__stdcall	short SsUtSetVagAtr(short param_1, short param_2, short param_3, VagAtr * param_4)
F	80022ab4	UT_SVA_OBJ_1B0	unknown	undefined UT_SVA_OBJ_1B0(void)
F	80022acc	SsUtGetDetVVol	__stdcall	short SsUtGetDetVVol(short param_1, short * param_2, short * param_3)
F	80022b1c	UT_VVOL_OBJ_50	unknown	undefined UT_VVOL_OBJ_50(void)
F	80022b24	SsUtSetDetVVol	__stdcall	short SsUtSetDetVVol(short param_1, short param_2, short param_3)
F	80022b84	UT_VVOL_OBJ_B8	unknown	undefined UT_VVOL_OBJ_B8(void)
F	80022b90	SsUtGetVVol	__stdcall	short SsUtGetVVol(short param_1, short * param_2, short * param_3)
F	80022c14	UT_VVOL_OBJ_148	unknown	undefined UT_VVOL_OBJ_148(void)
F	80022c1c	SsUtSetVVol	__stdcall	short SsUtSetVVol(short param_1, short param_2, short param_3)
F	80022c9c	UT_VVOL_OBJ_1D0	unknown	undefined UT_VVOL_OBJ_1D0(void)
F	80022ca8	_SsVmAlloc	unknown	undefined _SsVmAlloc(void)
F	80022df4	VM_ALOC1_OBJ_14C	unknown	undefined VM_ALOC1_OBJ_14C(void)
F	80022df8	VM_ALOC1_OBJ_150	unknown	undefined VM_ALOC1_OBJ_150(void)
F	80022e0c	VM_ALOC1_OBJ_164	unknown	undefined VM_ALOC1_OBJ_164(void)
F	80022f14	SpuSetNoiseVoice	__stdcall	ulong SpuSetNoiseVoice(long on_off, ulong voice_bit)
F	80022f38	_SpuSetAnyVoice	unknown	undefined _SpuSetAnyVoice(void)
F	80022f70	S_SAV_OBJ_38	unknown	undefined S_SAV_OBJ_38(void)
F	8002304c	S_SAV_OBJ_114	unknown	undefined S_SAV_OBJ_114(void)
F	80023120	S_SAV_OBJ_1E8	unknown	undefined S_SAV_OBJ_1E8(void)
F	80023130	S_SAV_OBJ_1F8	unknown	undefined S_SAV_OBJ_1F8(void)
F	80023140	_SsVmDoAllocate	unknown	undefined _SsVmDoAllocate(void)
F	80023260	VM_ALOC2_OBJ_120	unknown	undefined VM_ALOC2_OBJ_120(void)
F	80023378	_SsVmFlush	unknown	undefined _SsVmFlush(void)
F	8002372c	_SsVmInit	unknown	undefined _SsVmInit(void)
F	80023810	VM_INIT_OBJ_E4	unknown	undefined VM_INIT_OBJ_E4(void)
F	80023a3c	SpuInitMalloc	__stdcall	long SpuInitMalloc(long num, char * top)
F	80023a88	S_M_INIT_OBJ_4C	unknown	undefined S_M_INIT_OBJ_4C(void)
F	80023ad4	_SsVmKeyOn	unknown	undefined _SsVmKeyOn(void)
F	80023bfc	VM_KEY_OBJ_128	unknown	undefined VM_KEY_OBJ_128(void)
F	80023fb8	VM_KEY_OBJ_4E4	unknown	undefined VM_KEY_OBJ_4E4(void)
F	80023fd4	VM_KEY_OBJ_500	unknown	undefined VM_KEY_OBJ_500(void)
F	80023fec	VM_KEY_OBJ_518	unknown	undefined VM_KEY_OBJ_518(void)
F	80024024	_SsVmKeyOff	unknown	undefined _SsVmKeyOff(void)
F	8002412c	VM_KEY_OBJ_658	unknown	undefined VM_KEY_OBJ_658(void)
F	80024170	_SsVmSeKeyOn	unknown	undefined _SsVmSeKeyOn(void)
F	80024220	VM_KEY_OBJ_74C	unknown	undefined VM_KEY_OBJ_74C(void)
F	8002425c	_SsVmSeKeyOff	unknown	undefined _SsVmSeKeyOff(void)
F	80024290	KeyOnCheck	unknown	undefined KeyOnCheck(void)
F	80024298	note2pitch	unknown	undefined note2pitch(void)
F	80024354	VM_N2P_OBJ_BC	unknown	undefined VM_N2P_OBJ_BC(void)
F	8002435c	note2pitch2	unknown	undefined note2pitch2(void)
F	80024450	VM_N2P_OBJ_1B8	unknown	undefined VM_N2P_OBJ_1B8(void)
F	80024458	vmNoiseOn	unknown	undefined vmNoiseOn(void)
F	800245e4	VM_NO1_OBJ_18C	unknown	undefined VM_NO1_OBJ_18C(void)
F	80024654	VM_NO1_OBJ_1FC	unknown	undefined VM_NO1_OBJ_1FC(void)
F	800246c4	VM_NO1_OBJ_26C	unknown	undefined VM_NO1_OBJ_26C(void)
F	800246ec	VM_NO1_OBJ_294	unknown	undefined VM_NO1_OBJ_294(void)
F	8002477c	VM_NO1_OBJ_324	unknown	undefined VM_NO1_OBJ_324(void)
F	80024904	VM_NO1_OBJ_4AC	unknown	undefined VM_NO1_OBJ_4AC(void)
F	80024924	vmNoiseOff	unknown	undefined vmNoiseOff(void)
F	80024968	_SsVmKeyOffNow	unknown	undefined _SsVmKeyOffNow(void)
F	800249a0	VM_NOWOF_OBJ_38	unknown	undefined VM_NOWOF_OBJ_38(void)
F	80024a38	_SsVmKeyOnNow	unknown	undefined _SsVmKeyOnNow(void)
F	80024c00	VM_NOWON_OBJ_1C8	unknown	undefined VM_NOWON_OBJ_1C8(void)
F	80024c70	VM_NOWON_OBJ_238	unknown	undefined VM_NOWON_OBJ_238(void)
F	80024ce0	VM_NOWON_OBJ_2A8	unknown	undefined VM_NOWON_OBJ_2A8(void)
F	80024d08	VM_NOWON_OBJ_2D0	unknown	undefined VM_NOWON_OBJ_2D0(void)
F	80024e40	VM_NOWON_OBJ_408	unknown	undefined VM_NOWON_OBJ_408(void)
F	80024eb8	VM_NOWON_OBJ_480	unknown	undefined VM_NOWON_OBJ_480(void)
F	80024f1c	_SsVmPBVoice	unknown	undefined _SsVmPBVoice(void)
F	80025090	VM_PB_OBJ_174	unknown	undefined VM_PB_OBJ_174(void)
F	8002511c	_SsVmPitchBend	unknown	undefined _SsVmPitchBend(void)
F	8002520c	_SsVmSetSeqVol	unknown	undefined _SsVmSetSeqVol(void)
F	80025518	VM_SEQ_OBJ_30C	unknown	undefined VM_SEQ_OBJ_30C(void)
F	800255b8	VM_SEQ_OBJ_3AC	unknown	undefined VM_SEQ_OBJ_3AC(void)
F	80025644	VM_SEQ_OBJ_438	unknown	undefined VM_SEQ_OBJ_438(void)
F	80025674	VM_SEQ_OBJ_468	unknown	undefined VM_SEQ_OBJ_468(void)
F	8002574c	_SsVmGetSeqVol	unknown	undefined _SsVmGetSeqVol(void)
F	800257b8	_SsVmGetSeqLVol	unknown	undefined _SsVmGetSeqLVol(void)
F	80025808	_SsVmGetSeqRVol	unknown	undefined _SsVmGetSeqRVol(void)
F	80025858	_SsVmSeqKeyOff	unknown	undefined _SsVmSeqKeyOff(void)
F	800258f4	_SsVmSelectToneAndVag	unknown	undefined _SsVmSelectToneAndVag(void)
F	800259a8	_SsVmSetVol	unknown	undefined _SsVmSetVol(void)
F	80025d18	VM_VOL_OBJ_370	unknown	undefined VM_VOL_OBJ_370(void)
F	80025db8	VM_VOL_OBJ_410	unknown	undefined VM_VOL_OBJ_410(void)
F	80025e1c	VM_VOL_OBJ_474	unknown	undefined VM_VOL_OBJ_474(void)
F	80025e44	VM_VOL_OBJ_49C	unknown	undefined VM_VOL_OBJ_49C(void)
F	80025f2c	_SsVmVSetUp	unknown	undefined _SsVmVSetUp(void)
F	80025fe8	VM_VSU_OBJ_BC	unknown	undefined VM_VSU_OBJ_BC(void)
F	80025ff0	SsVabClose	__stdcall	void SsVabClose(short param_1)
F	80026074	SpuFree	__stdcall	void SpuFree(ulong addr)
F	800260d8	S_M_F_OBJ_64	unknown	undefined S_M_F_OBJ_64(void)
F	800260f0	_spu_gcSPU	unknown	undefined _spu_gcSPU(void)
F	80026140	S_M_INT_OBJ_50	unknown	undefined S_M_INT_OBJ_50(void)
F	800261b0	S_M_INT_OBJ_C0	unknown	undefined S_M_INT_OBJ_C0(void)
F	80026368	S_M_INT_OBJ_278	unknown	undefined S_M_INT_OBJ_278(void)
F	800263f8	SsVabOpenHead	__stdcall	short SsVabOpenHead(uchar * param_1, short param_2)
F	80026428	SsVabOpenHeadSticky	__stdcall	short SsVabOpenHeadSticky(uchar * param_1, short param_2, ulong param_3)
F	80026458	SsVabFakeHead	__stdcall	short SsVabFakeHead(uchar * param_1, short param_2, ulong param_3)
F	80026488	SsVabOpenHeadWithMode	unknown	undefined SsVabOpenHeadWithMode(void)
F	80026578	VS_VH_OBJ_180	unknown	undefined VS_VH_OBJ_180(void)
F	80026588	VS_VH_OBJ_190	unknown	undefined VS_VH_OBJ_190(void)
F	80026748	VS_VH_OBJ_350	unknown	undefined VS_VH_OBJ_350(void)
F	8002675c	VS_VH_OBJ_364	unknown	undefined VS_VH_OBJ_364(void)
F	80026804	VS_VH_OBJ_40C	unknown	undefined VS_VH_OBJ_40C(void)
F	8002683c	VS_VH_OBJ_444	unknown	undefined VS_VH_OBJ_444(void)
F	80026864	SpuMalloc	__stdcall	long SpuMalloc(long size)
F	800268b8	S_M_M_OBJ_54	unknown	undefined S_M_M_OBJ_54(void)
F	80026990	S_M_M_OBJ_12C	unknown	undefined S_M_M_OBJ_12C(void)
F	80026b0c	S_M_M_OBJ_2A8	unknown	undefined S_M_M_OBJ_2A8(void)
F	80026b2c	SsVabTransBody	__stdcall	short SsVabTransBody(uchar * param_1, short param_2)
F	80026bcc	VS_VTB_OBJ_A0	unknown	undefined VS_VTB_OBJ_A0(void)
F	80026bec	SpuRead	__stdcall	ulong SpuRead(uchar * addr, ulong size)
F	80026c4c	SpuSetTransferStartAddr	__stdcall	ulong SpuSetTransferStartAddr(ulong addr)
F	80026c94	S_STSA_OBJ_48	unknown	undefined S_STSA_OBJ_48(void)
F	80026ca4	SpuSetTransferMode	__stdcall	long SpuSetTransferMode(long mode)
F	80026cc0	S_STM_OBJ_1C	unknown	undefined S_STM_OBJ_1C(void)
F	80026cd8	SsVabTransBodyPartly	__stdcall	short SsVabTransBodyPartly(uchar * param_1, ulong param_2, short param_3)
F	80026e14	VS_VTBP_OBJ_13C	unknown	undefined VS_VTBP_OBJ_13C(void)
F	80026e38	SpuWritePartly	__stdcall	ulong SpuWritePartly(uchar * addr, ulong size)
F	80026ec4	SsVabTransCompleted	__stdcall	short SsVabTransCompleted(short param_1)
F	80026eec	SpuIsTransferCompleted	__stdcall	long SpuIsTransferCompleted(long flag)
F	80026f74	S_ITC_OBJ_88	unknown	undefined S_ITC_OBJ_88(void)
F	80026f7c	S_ITC_OBJ_90	unknown	undefined S_ITC_OBJ_90(void)
F	80026f94	__fixunsdfsi	unknown	undefined __fixunsdfsi(void)
F	80027004	_FIXUSDF_OBJ_70	unknown	undefined _FIXUSDF_OBJ_70(void)
F	8002701c	rsin	__stdcall	int rsin(int a)
F	80027048	GEO_00_OBJ_2C	unknown	undefined GEO_00_OBJ_2C(void)
F	80027058	sin_1	unknown	undefined sin_1(void)
F	800270e0	GEO_00_OBJ_C4	unknown	undefined GEO_00_OBJ_C4(void)
F	800270e8	rcos	__stdcall	int rcos(int a)
F	80027180	GEO_01_OBJ_98	unknown	undefined GEO_01_OBJ_98(void)
F	80027188	SetFogNearFar	unknown	undefined SetFogNearFar(void)
F	80027324	SquareRoot0	__stdcall	long SquareRoot0(long a)
F	800273b4	InvSquareRoot	__stdcall	void InvSquareRoot(long a, long * b, long * c)
F	80027440	VectorNormalS	__stdcall	long VectorNormalS(VECTOR * $2, SVECTOR * $3)
F	80027454	VectorNormal	__stdcall	long VectorNormal(VECTOR * $2, VECTOR * $3)
F	80027480	VectorNormalSS	__stdcall	long VectorNormalSS(SVECTOR * $2, SVECTOR * $3)
F	800274b0	MSC02_OBJ_FC	unknown	undefined MSC02_OBJ_FC(void)
F	8002756c	MatrixNormal	__stdcall	void MatrixNormal(MATRIX * m, MATRIX * n)
F	80027654	LoadAverage12	__stdcall	void LoadAverage12(VECTOR * $2, VECTOR * $3, long p0, long p1, VECTOR * v2)
F	800276a4	LoadAverage0	__stdcall	void LoadAverage0(VECTOR * $2, VECTOR * $3, long p0, long p1, VECTOR * v2)
F	800276f4	LoadAverageShort12	__stdcall	void LoadAverageShort12(SVECTOR * $2, SVECTOR * $3, long p0, long p1, SVECTOR * v2)
F	8002777c	LoadAverageShort0	__stdcall	void LoadAverageShort0(SVECTOR * $2, SVECTOR * $3, long p0, long p1, SVECTOR * v2)
F	80027804	LoadAverageByte	__stdcall	void LoadAverageByte(u_char * $2, u_char * $3, long p0, long p1, u_char * v2)
F	80027864	LoadAverageCol	__stdcall	void LoadAverageCol(u_char * $2, u_char * $3, long p0, long p1, u_char * v2)
F	800278e4	MulMatrix0	__stdcall	MATRIX * MulMatrix0(MATRIX * m0, MATRIX * m1, MATRIX * m2)
F	800279f4	MulRotMatrix	__stdcall	MATRIX * MulRotMatrix(MATRIX * m0)
F	80027ae4	CompMatrix	__stdcall	MATRIX * CompMatrix(MATRIX * m0, MATRIX * m1, MATRIX * m2)
F	80027c44	ApplyMatrixLV	__stdcall	VECTOR * ApplyMatrixLV(MATRIX * m, VECTOR * $2, VECTOR * $3)
F	80027da4	MulMatrix	__stdcall	MATRIX * MulMatrix(MATRIX * m0, MATRIX * m1)
F	80027eb4	MulMatrix2	__stdcall	MATRIX * MulMatrix2(MATRIX * m0, MATRIX * m1)
F	80027fc4	ApplyMatrix	__stdcall	VECTOR * ApplyMatrix(MATRIX * m, SVECTOR * $2, VECTOR * $3)
F	80028014	ApplyMatrixSV	__stdcall	SVECTOR * ApplyMatrixSV(MATRIX * m, SVECTOR * $2, SVECTOR * $3)
F	80028074	mat_set_translation	unknown	undefined mat_set_translation(void)
F	800280a4	ScaleMatrix	__stdcall	MATRIX * ScaleMatrix(MATRIX * m, VECTOR * v)
F	800281d4	SetRotMatrix	__stdcall	void SetRotMatrix(MATRIX * m)
F	80028204	SetLightMatrix	__stdcall	void SetLightMatrix(MATRIX * m)
F	80028234	SetColorMatrix	__stdcall	void SetColorMatrix(MATRIX * m)
F	80028264	SetTransMatrix	__stdcall	void SetTransMatrix(MATRIX * m)
F	80028284	SetVertex0	unknown	undefined SetVertex0(void)
F	80028294	SetVertex1	unknown	undefined SetVertex1(void)
F	800282a4	SetVertex2	unknown	undefined SetVertex2(void)
F	800282b4	SetVertexTri	unknown	undefined SetVertexTri(void)
F	800282d4	SetRGBfifo	unknown	undefined SetRGBfifo(void)
F	800282e8	SetIR123	unknown	undefined SetIR123(void)
F	800282fc	SetIR0	unknown	undefined SetIR0(void)
F	80028308	SetSZfifo3	unknown	undefined SetSZfifo3(void)
F	8002831c	SetSZfifo4	unknown	undefined SetSZfifo4(void)
F	80028334	SetSXSYfifo	unknown	undefined SetSXSYfifo(void)
F	80028348	SetRii	unknown	undefined SetRii(void)
F	8002835c	SetMAC123	unknown	undefined SetMAC123(void)
F	80028370	SetData32	unknown	undefined SetData32(void)
F	8002837c	SetDQA	unknown	undefined SetDQA(void)
F	80028388	SetDQB	unknown	undefined SetDQB(void)
F	80028394	SetBackColor	__stdcall	void SetBackColor(long rbk, long gbk, long bbk)
F	800283b4	SetFarColor	__stdcall	void SetFarColor(long rfc, long gfc, long bfc)
F	80028404	LightColor	__stdcall	void LightColor(VECTOR * $2, VECTOR * $3)
F	8002842c	DpqColorLight	__stdcall	void DpqColorLight(VECTOR * $2, CVECTOR * $3, long p, CVECTOR * v2)
F	80028454	DpqColor3	__stdcall	void DpqColor3(CVECTOR * $2, CVECTOR * $3, CVECTOR * v2, long p, CVECTOR * v3, CVECTOR * v4, CVECTOR * v5)
F	80028490	Intpl	__stdcall	void Intpl(VECTOR * $2, long p, CVECTOR * $3)
F	800284b4	Square12	__stdcall	VECTOR * Square12(VECTOR * $2, VECTOR * $3)
F	800284dc	Square0	__stdcall	VECTOR * Square0(VECTOR * $2, VECTOR * $3)
F	80028504	AverageZ3	__stdcall	long AverageZ3(long sz0, long sz1, long sz2)
F	80028524	AverageZ4	__stdcall	long AverageZ4(long sz0, long sz1, long sz2, long sz3)
F	80028548	OuterProduct12	__stdcall	void OuterProduct12(VECTOR * $2, VECTOR * $3, VECTOR * v2)
F	800285a0	OuterProduct0	__stdcall	void OuterProduct0(VECTOR * $2, VECTOR * $3, VECTOR * v2)
F	800285f8	Lzc	__stdcall	long Lzc(long data)
F	80028614	RotTrans	__stdcall	void RotTrans(SVECTOR * $2, VECTOR * $3, long * flag)
F	80028644	RotMatrix	__stdcall	MATRIX * RotMatrix(SVECTOR * r, MATRIX * m)
F	800286a8	FGO_01_OBJ_64	unknown	undefined FGO_01_OBJ_64(void)
F	80028710	FGO_01_OBJ_CC	unknown	undefined FGO_01_OBJ_CC(void)
F	800287a4	FGO_01_OBJ_160	unknown	undefined FGO_01_OBJ_160(void)
F	800288d4	RotMatrixYXZ	__stdcall	MATRIX * RotMatrixYXZ(SVECTOR * r, MATRIX * m)
F	8002893c	FGO_02_OBJ_68	unknown	undefined FGO_02_OBJ_68(void)
F	800289a0	FGO_02_OBJ_CC	unknown	undefined FGO_02_OBJ_CC(void)
F	80028a34	FGO_02_OBJ_160	unknown	undefined FGO_02_OBJ_160(void)
F	80028b64	ratan2	__stdcall	long ratan2(long y, long x)
F	80028c20	RATAN_OBJ_BC	unknown	undefined RATAN_OBJ_BC(void)
F	80028cac	RATAN_OBJ_148	unknown	undefined RATAN_OBJ_148(void)
F	80028cc0	RATAN_OBJ_15C	unknown	undefined RATAN_OBJ_15C(void)
F	80028cdc	RATAN_OBJ_178	unknown	undefined RATAN_OBJ_178(void)
F	80028ce4	_patch_gte	unknown	undefined _patch_gte(void)
F	80028d84	VSync	__stdcall	int VSync(int mode)
F	80028e08	VSYNC_OBJ_84	unknown	undefined VSYNC_OBJ_84(void)
F	80028eb4	VSYNC_OBJ_130	unknown	undefined VSYNC_OBJ_130(void)
F	80028ecc	v_wait	unknown	undefined v_wait(void)
F	80028f58	VSYNC_OBJ_1D4	unknown	undefined VSYNC_OBJ_1D4(void)
F	80028f68	ResetCallback	unknown	int ResetCallback(void)
F	80028f98	InterruptCallback	unknown	undefined InterruptCallback(void)
F	80028fc8	DMACallback	unknown	undefined DMACallback(void)
F	80028ff8	VSyncCallback	__stdcall	int VSyncCallback(f * f)
F	8002902c	VSyncCallbacks	unknown	undefined VSyncCallbacks(void)
F	8002905c	StopCallback	unknown	int StopCallback(void)
F	8002908c	RestartCallback	unknown	int RestartCallback(void)
F	800290bc	CheckCallback	unknown	int CheckCallback(void)
F	800290cc	GetIntrMask	unknown	undefined GetIntrMask(void)
F	800290e4	SetIntrMask	unknown	undefined SetIntrMask(void)
F	80029100	startIntr	unknown	undefined startIntr(void)
F	800291dc	trapIntr	unknown	undefined trapIntr(void)
F	80029390	INTR_OBJ_428	unknown	undefined INTR_OBJ_428(void)
F	800293c4	setIntr	unknown	undefined setIntr(void)
F	8002947c	INTR_OBJ_514	unknown	undefined INTR_OBJ_514(void)
F	80029518	stopIntr	unknown	undefined stopIntr(void)
F	800295c4	restartIntr	unknown	undefined restartIntr(void)
F	80029638	INTR_OBJ_6D0	unknown	undefined INTR_OBJ_6D0(void)
F	8002964c	memclr	unknown	undefined memclr(void)
F	80029678	startIntrVSync	unknown	undefined startIntrVSync(void)
F	800296d0	trapIntrVSync	unknown	undefined trapIntrVSync(void)
F	80029748	setIntrVSync	unknown	undefined setIntrVSync(void)
F	80029774	memclr	unknown	undefined memclr(void)
F	800297a0	startIntrDMA	unknown	undefined startIntrDMA(void)
F	800297f0	trapIntrDMA	unknown	undefined trapIntrDMA(void)
F	80029974	setIntrDMA	unknown	undefined setIntrDMA(void)
F	80029a14	INTR_DMA_OBJ_274	unknown	undefined INTR_DMA_OBJ_274(void)
F	80029a1c	memclr	unknown	undefined memclr(void)
F	80029a70	InitHeap	__stdcall	void InitHeap(ulong * param_1, ulong param_2)
F	80029a80	FlushCache	unknown	undefined FlushCache(void)
F	80029ab0	DeliverEvent	unknown	undefined DeliverEvent(void)
F	80029ac0	OpenEvent	unknown	undefined OpenEvent(void)
F	80029ad0	CloseEvent	unknown	undefined CloseEvent(void)
F	80029ae0	WaitEvent	unknown	undefined WaitEvent(void)
F	80029af0	TestEvent	unknown	undefined TestEvent(void)
F	80029b00	EnableEvent	unknown	undefined EnableEvent(void)
F	80029b10	ReturnFromException	unknown	undefined ReturnFromException(void)
F	80029b20	ResetEntryInt	unknown	undefined ResetEntryInt(void)
F	80029b30	HookEntryInt	unknown	undefined HookEntryInt(void)
F	80029b60	open	__stdcall	int open(char * __file, int __oflag, ...)
F	80029b70	read	__stdcall	ssize_t read(int __fd, void * __buf, size_t __nbytes)
F	80029b80	write	__stdcall	ssize_t write(int __fd, void * __buf, size_t __n)
F	80029b90	close	__stdcall	int close(int __fd)
F	80029ba0	format	unknown	undefined format(void)
F	80029bb0	firstfile	unknown	undefined firstfile(void)
F	80029bc0	nextfile	unknown	undefined nextfile(void)
F	80029bd0	ChangeClearPAD	unknown	undefined ChangeClearPAD(void)
F	80029be0	ChangeClearRCnt	unknown	undefined ChangeClearRCnt(void)
F	80029bf0	SetRCnt	unknown	undefined SetRCnt(void)
F	80029c64	COUNTER_OBJ_74	unknown	undefined COUNTER_OBJ_74(void)
F	80029c84	COUNTER_OBJ_94	unknown	undefined COUNTER_OBJ_94(void)
F	80029c8c	GetRCnt	unknown	undefined GetRCnt(void)
F	80029cbc	COUNTER_OBJ_CC	unknown	undefined COUNTER_OBJ_CC(void)
F	80029cc4	StartRCnt	unknown	undefined StartRCnt(void)
F	80029cf8	StopRCnt	unknown	undefined StopRCnt(void)
F	80029d30	ResetRCnt	unknown	undefined ResetRCnt(void)
F	80029d60	COUNTER_OBJ_170	unknown	undefined COUNTER_OBJ_170(void)
F	80029d68	SetInitPadFlag	unknown	undefined SetInitPadFlag(void)
F	80029d78	ReadInitPadFlag	unknown	undefined ReadInitPadFlag(void)
F	80029d88	PAD_init	unknown	undefined PAD_init(void)
F	80029e14	InitPAD	unknown	undefined InitPAD(void)
F	80029ea0	StartPAD	unknown	undefined StartPAD(void)
F	80029ed0	StopPAD	unknown	undefined StopPAD(void)
F	80029f00	SetPatchPad	unknown	undefined SetPatchPad(void)
F	80029f80	RemovePatchPad	unknown	undefined RemovePatchPad(void)
F	80029fb8	_Pad1	unknown	undefined _Pad1(void)
F	8002a020	_IsVSync	unknown	undefined _IsVSync(void)
F	8002a060	InitPAD2	unknown	undefined InitPAD2(void)
F	8002a070	StartPAD2	unknown	undefined StartPAD2(void)
F	8002a080	StopPAD2	unknown	undefined StopPAD2(void)
F	8002a090	PAD_init2	unknown	undefined PAD_init2(void)
F	8002a0a0	SysEnqIntRP	unknown	undefined SysEnqIntRP(void)
F	8002a0b0	SysDeqIntRP	unknown	undefined SysDeqIntRP(void)
F	8002a0c0	EnablePAD	unknown	undefined EnablePAD(void)
F	8002a0d4	DesablePAD	unknown	undefined DesablePAD(void)
F	8002a0e8	_patch_pad	unknown	undefined _patch_pad(void)
F	8002a150	InitHeap2	__stdcall	void InitHeap2(ulong * param_1, ulong param_2)
F	8002a1a4	malloc2	__stdcall	void * malloc2(size_t param_1)
F	8002a254	MALLOC2_OBJ_B0	unknown	undefined MALLOC2_OBJ_B0(void)
F	8002a344	MALLOC2_OBJ_1A0	unknown	undefined MALLOC2_OBJ_1A0(void)
F	8002a348	MALLOC2_OBJ_1A4	unknown	undefined MALLOC2_OBJ_1A4(void)
F	8002a368	_ExpAndAlloc	unknown	undefined _ExpAndAlloc(void)
F	8002a3c8	free2	__stdcall	void free2(void * param_1)
F	8002a400	exit	__stdcall	void exit(void)
F	8002a430	setjmp	__stdcall	int setjmp(__jmp_buf_tag * __env)
F	8002a440	strcat	__stdcall	char * strcat(char * param_1, char * param_2)
F	8002a450	strcmp	__stdcall	int strcmp(void)
F	8002a460	strncmp	__stdcall	int strncmp(char * param_1, char * param_2, int param_3)
F	8002a470	strcpy	__stdcall	char * strcpy(void)
F	8002a480	memcpy	__stdcall	void * memcpy(void)
F	8002a490	memset	__stdcall	void * memset(uchar * param_1, uchar param_2, int param_3)
F	8002a4a0	rand	unknown	int rand(void)
F	8002a4b0	srand	__stdcall	void srand(uint param_1)
F	8002a4c0	printf	__stdcall	int printf(char * fmt, ...)
F	8002a4d0	LoadTPage	__stdcall	u_short LoadTPage(u_long * pix, int tp, int abr, int x, int y, int w, int h)
F	8002a578	EXT_OBJ_A8	unknown	undefined EXT_OBJ_A8(void)
F	8002a57c	EXT_OBJ_AC	unknown	undefined EXT_OBJ_AC(void)
F	8002a5bc	LoadClut	__stdcall	u_short LoadClut(u_long * clut, int x, int y)
F	8002a624	LoadClut2	__stdcall	u_short LoadClut2(u_long * clut, int x, int y)
F	8002a68c	SetDefDrawEnv	__stdcall	DRAWENV * SetDefDrawEnv(DRAWENV * env, int x, int y, int w, int h)
F	8002a704	EXT_OBJ_234	unknown	undefined EXT_OBJ_234(void)
F	8002a75c	SetDefDispEnv	__stdcall	DISPENV * SetDefDispEnv(DISPENV * env, int x, int y, int w, int h)
F	8002a798	SetDumpFnt	__stdcall	void SetDumpFnt(int id)
F	8002a7d8	FntLoad	__stdcall	void FntLoad(int tx, int ty)
F	8002a87c	FntOpen	__stdcall	int FntOpen(int x, int y, int w, int h, int isbg, int n)
F	8002ab04	FONT_OBJ_36C	unknown	undefined FONT_OBJ_36C(void)
F	8002ab34	FntFlush	__stdcall	u_long * FntFlush(int id)
F	8002accc	FONT_OBJ_534	unknown	undefined FONT_OBJ_534(void)
F	8002acf0	FONT_OBJ_558	unknown	undefined FONT_OBJ_558(void)
F	8002ad54	FONT_OBJ_5BC	unknown	undefined FONT_OBJ_5BC(void)
F	8002ad6c	FONT_OBJ_5D4	unknown	undefined FONT_OBJ_5D4(void)
F	8002ae18	FONT_OBJ_680	unknown	undefined FONT_OBJ_680(void)
F	8002ae4c	FntPrint	unknown	int FntPrint(void)
F	8002afb8	FONT_OBJ_820	unknown	undefined FONT_OBJ_820(void)
F	8002b000	FONT_OBJ_868	unknown	undefined FONT_OBJ_868(void)
F	8002b080	FONT_OBJ_8E8	unknown	undefined FONT_OBJ_8E8(void)
F	8002b0f8	FONT_OBJ_960	unknown	undefined FONT_OBJ_960(void)
F	8002b118	FONT_OBJ_980	unknown	undefined FONT_OBJ_980(void)
F	8002b138	FONT_OBJ_9A0	unknown	undefined FONT_OBJ_9A0(void)
F	8002b13c	FONT_OBJ_9A4	unknown	undefined FONT_OBJ_9A4(void)
F	8002b204	FONT_OBJ_A6C	unknown	undefined FONT_OBJ_A6C(void)
F	8002b22c	strlen	__stdcall	int strlen(void)
F	8002b23c	GetTPage	__stdcall	u_short GetTPage(int tp, int abr, int x, int y)
F	8002b2ec	PRIM_OBJ_B0	unknown	undefined PRIM_OBJ_B0(void)
F	8002b30c	GetClut	__stdcall	u_short GetClut(int x, int y)
F	8002b324	DumpTPage	__stdcall	void DumpTPage(u_short tpage)
F	8002b3e0	PRIM_OBJ_1A4	unknown	undefined PRIM_OBJ_1A4(void)
F	8002b3f4	DumpClut	__stdcall	void DumpClut(u_short clut)
F	8002b434	NextPrim	__stdcall	void * NextPrim(void * p)
F	8002b450	IsEndPrim	__stdcall	int IsEndPrim(void * p)
F	8002b46c	AddPrim	__stdcall	void AddPrim(void * ot, void * p)
F	8002b4a8	AddPrims	__stdcall	void AddPrims(void * ot, void * p0, void * p1)
F	8002b4e4	CatPrim	__stdcall	void CatPrim(void * p0, void * p1)
F	8002b508	TermPrim	__stdcall	void TermPrim(void * p)
F	8002b520	SetSemiTrans	__stdcall	void SetSemiTrans(void * p, int abe)
F	8002b540	PRIM_OBJ_304	unknown	undefined PRIM_OBJ_304(void)
F	8002b548	SetShadeTex	__stdcall	void SetShadeTex(void * p, int tge)
F	8002b568	PRIM_OBJ_32C	unknown	undefined PRIM_OBJ_32C(void)
F	8002b570	SetPolyF3	__stdcall	void SetPolyF3(POLY_F3 * p)
F	8002b584	SetPolyFT3	__stdcall	void SetPolyFT3(POLY_FT3 * p)
F	8002b598	SetPolyG3	__stdcall	void SetPolyG3(POLY_G3 * p)
F	8002b5ac	SetPolyGT3	__stdcall	void SetPolyGT3(POLY_GT3 * p)
F	8002b5c0	SetPolyF4	__stdcall	void SetPolyF4(POLY_F4 * p)
F	8002b5d4	SetPolyFT4	__stdcall	void SetPolyFT4(POLY_FT4 * p)
F	8002b5e8	SetPolyG4	__stdcall	void SetPolyG4(POLY_G4 * p)
F	8002b5fc	SetPolyGT4	__stdcall	void SetPolyGT4(POLY_GT4 * p)
F	8002b610	SetSprt8	__stdcall	void SetSprt8(SPRT_8 * p)
F	8002b624	SetSprt16	__stdcall	void SetSprt16(SPRT_16 * p)
F	8002b638	SetSprt	__stdcall	void SetSprt(SPRT * p)
F	8002b64c	SetTile1	__stdcall	void SetTile1(TILE_1 * p)
F	8002b660	SetTile8	__stdcall	void SetTile8(TILE_8 * p)
F	8002b674	SetTile16	__stdcall	void SetTile16(TILE_16 * p)
F	8002b688	SetTile	__stdcall	void SetTile(TILE * p)
F	8002b69c	SetLineF2	__stdcall	void SetLineF2(LINE_F2 * p)
F	8002b6b0	SetLineG2	__stdcall	void SetLineG2(LINE_G2 * p)
F	8002b6c4	SetLineF3	__stdcall	void SetLineF3(LINE_F3 * p)
F	8002b6e4	SetLineG3	__stdcall	void SetLineG3(LINE_G3 * p)
F	8002b704	SetLineF4	__stdcall	void SetLineF4(LINE_F4 * p)
F	8002b724	SetLineG4	__stdcall	void SetLineG4(LINE_G4 * p)
F	8002b744	SetDrawTPage	__stdcall	void SetDrawTPage(DR_TPAGE * p, int dfe, int dtd, int tpage)
F	8002b7d4	PRIM_OBJ_598	unknown	undefined PRIM_OBJ_598(void)
F	8002b7f8	SetDrawMove	__stdcall	void SetDrawMove(DR_MOVE * p, RECT * rect, int x, int y)
F	8002b858	SetDrawLoad	__stdcall	void SetDrawLoad(DR_LOAD * p, RECT * rect)
F	8002b8c4	MargePrim	__stdcall	int MargePrim(void * p0, void * p1)
F	8002b8f4	PRIM_OBJ_6B8	unknown	undefined PRIM_OBJ_6B8(void)
F	8002b8fc	DumpDrawEnv	__stdcall	void DumpDrawEnv(DRAWENV * env)
F	8002ba68	PRIM_OBJ_82C	unknown	undefined PRIM_OBJ_82C(void)
F	8002ba7c	DumpDispEnv	__stdcall	void DumpDispEnv(DISPENV * env)
F	8002bb28	ResetGraph	__stdcall	int ResetGraph(int mode)
F	8002bc44	SYS_OBJ_11C	unknown	undefined SYS_OBJ_11C(void)
F	8002bc94	SYS_OBJ_16C	unknown	undefined SYS_OBJ_16C(void)
F	8002bcac	SetGraphReverse	__stdcall	int SetGraphReverse(int mode)
F	8002bd38	SYS_OBJ_210	unknown	undefined SYS_OBJ_210(void)
F	8002bdc0	SetGraphDebug	__stdcall	int SetGraphDebug(int level)
F	8002be24	SetGraphQueue	__stdcall	int SetGraphQueue(int mode)
F	8002bed0	GetGraphType	unknown	undefined GetGraphType(void)
F	8002bee0	GetGraphDebug	unknown	int GetGraphDebug(void)
F	8002bef0	DrawSyncCallback	__stdcall	u_long DrawSyncCallback(func * func)
F	8002bf4c	SetDispMask	__stdcall	void SetDispMask(int mask)
F	8002bfe8	DrawSync	__stdcall	int DrawSync(int mode)
F	8002c054	checkRECT	unknown	undefined checkRECT(void)
F	8002c12c	SYS_OBJ_604	unknown	undefined SYS_OBJ_604(void)
F	8002c168	SYS_OBJ_640	unknown	undefined SYS_OBJ_640(void)
F	8002c17c	ClearImage	__stdcall	int ClearImage(RECT * rect, u_char r, u_char g, u_char b)
F	8002c210	ClearImage2	__stdcall	int ClearImage2(RECT * rect, u_char r, u_char g, u_char b)
F	8002c2ac	LoadImage	__stdcall	int LoadImage(RECT * rect, u_long * p)
F	8002c310	StoreImage	__stdcall	int StoreImage(RECT * rect, u_long * p)
F	8002c374	MoveImage	__stdcall	int MoveImage(RECT * rect, int x, int y)
F	8002c41c	SYS_OBJ_8F4	unknown	undefined SYS_OBJ_8F4(void)
F	8002c438	ClearOTag	__stdcall	u_long * ClearOTag(u_long * ot, int n)
F	8002c4f0	ClearOTagR	__stdcall	u_long * ClearOTagR(u_long * ot, int n)
F	8002c588	DrawPrim	__stdcall	void DrawPrim(void * p)
F	8002c5e8	DrawOTag	__stdcall	void DrawOTag(u_long * p)
F	8002c65c	PutDrawEnv	__stdcall	DRAWENV * PutDrawEnv(DRAWENV * env)
F	8002c760	DrawOTagEnv	__stdcall	void DrawOTagEnv(u_long * p, DRAWENV * env)
F	8002c87c	GetDrawEnv	__stdcall	DRAWENV * GetDrawEnv(DRAWENV * env)
F	8002c8b4	PutDispEnv	__stdcall	DISPENV * PutDispEnv(DISPENV * env)
F	8002c95c	SYS_OBJ_E34	unknown	undefined SYS_OBJ_E34(void)
F	8002ca28	SYS_OBJ_F00	unknown	undefined SYS_OBJ_F00(void)
F	8002ca4c	SYS_OBJ_F24	unknown	undefined SYS_OBJ_F24(void)
F	8002ca80	SYS_OBJ_F58	unknown	undefined SYS_OBJ_F58(void)
F	8002cb00	SYS_OBJ_FD8	unknown	undefined SYS_OBJ_FD8(void)
F	8002cb5c	SYS_OBJ_1034	unknown	undefined SYS_OBJ_1034(void)
F	8002cce8	SYS_OBJ_11C0	unknown	undefined SYS_OBJ_11C0(void)
F	8002cd5c	GetDispEnv	__stdcall	DISPENV * GetDispEnv(DISPENV * env)
F	8002cd94	GetODE	unknown	int GetODE(void)
F	8002cdc4	SetTexWindow	__stdcall	void SetTexWindow(DR_TWIN * p, RECT * tw)
F	8002ce00	SetDrawArea	__stdcall	void SetDrawArea(DR_AREA * p, RECT * r)
F	8002ce84	SetDrawOffset	__stdcall	void SetDrawOffset(DR_OFFSET * p, u_short * ofs)
F	8002cec8	SetPriority	unknown	undefined SetPriority(void)
F	8002cef4	SetDrawMode	__stdcall	void SetDrawMode(DR_MODE * p, int dfe, int dtd, int tpage, RECT * tw)
F	8002cf4c	SetDrawEnv	__stdcall	void SetDrawEnv(DR_ENV * dr_env, DRAWENV * env)
F	8002d0a0	SYS_OBJ_1578	unknown	undefined SYS_OBJ_1578(void)
F	8002d164	SetDrawEnv2	unknown	undefined SetDrawEnv2(void)
F	8002d2b8	SYS_OBJ_1790	unknown	undefined SYS_OBJ_1790(void)
F	8002d3d4	SYS_OBJ_18AC	unknown	undefined SYS_OBJ_18AC(void)
F	8002d3f4	get_mode	unknown	undefined get_mode(void)
F	8002d444	SYS_OBJ_191C	unknown	undefined SYS_OBJ_191C(void)
F	8002d44c	get_cs	unknown	undefined get_cs(void)
F	8002d48c	SYS_OBJ_1964	unknown	undefined SYS_OBJ_1964(void)
F	8002d4cc	SYS_OBJ_19A4	unknown	undefined SYS_OBJ_19A4(void)
F	8002d500	SYS_OBJ_19D8	unknown	undefined SYS_OBJ_19D8(void)
F	8002d518	get_ce	unknown	undefined get_ce(void)
F	8002d558	SYS_OBJ_1A30	unknown	undefined SYS_OBJ_1A30(void)
F	8002d598	SYS_OBJ_1A70	unknown	undefined SYS_OBJ_1A70(void)
F	8002d5cc	SYS_OBJ_1AA4	unknown	undefined SYS_OBJ_1AA4(void)
F	8002d5e4	get_ofs	unknown	undefined get_ofs(void)
F	8002d618	SYS_OBJ_1AF0	unknown	undefined SYS_OBJ_1AF0(void)
F	8002d628	get_tw	unknown	undefined get_tw(void)
F	8002d6a0	SYS_OBJ_1B78	unknown	undefined SYS_OBJ_1B78(void)
F	8002d6ac	get_dx	unknown	undefined get_dx(void)
F	8002d6ec	SYS_OBJ_1BC4	unknown	undefined SYS_OBJ_1BC4(void)
F	8002d750	SYS_OBJ_1C28	unknown	undefined SYS_OBJ_1C28(void)
F	8002d754	SYS_OBJ_1C2C	unknown	undefined SYS_OBJ_1C2C(void)
F	8002d75c	_status	unknown	undefined _status(void)
F	8002d774	_otc	unknown	undefined _otc(void)
F	8002d85c	_clr	unknown	undefined _clr(void)
F	8002d8ac	SYS_OBJ_1D84	unknown	undefined SYS_OBJ_1D84(void)
F	8002d8e8	SYS_OBJ_1DC0	unknown	undefined SYS_OBJ_1DC0(void)
F	8002da8c	SYS_OBJ_1F64	unknown	undefined SYS_OBJ_1F64(void)
F	8002dab8	_dws	unknown	undefined _dws(void)
F	8002db1c	SYS_OBJ_1FF4	unknown	undefined SYS_OBJ_1FF4(void)
F	8002db54	SYS_OBJ_202C	unknown	undefined SYS_OBJ_202C(void)
F	8002dccc	SYS_OBJ_21A4	unknown	undefined SYS_OBJ_21A4(void)
F	8002dcf4	_drs	unknown	undefined _drs(void)
F	8002dd54	SYS_OBJ_222C	unknown	undefined SYS_OBJ_222C(void)
F	8002dd8c	SYS_OBJ_2264	unknown	undefined SYS_OBJ_2264(void)
F	8002df54	SYS_OBJ_242C	unknown	undefined SYS_OBJ_242C(void)
F	8002df78	_ctl	unknown	undefined _ctl(void)
F	8002dfa0	_getctl	unknown	undefined _getctl(void)
F	8002dfb4	_cwb	unknown	undefined _cwb(void)
F	8002e004	_cwc	unknown	undefined _cwc(void)
F	8002e050	_param	unknown	undefined _param(void)
F	8002e080	_addque	unknown	undefined _addque(void)
F	8002e0a4	_addque2	unknown	undefined _addque2(void)
F	8002e0f0	SYS_OBJ_25C8	unknown	undefined SYS_OBJ_25C8(void)
F	8002e214	SYS_OBJ_26EC	unknown	undefined SYS_OBJ_26EC(void)
F	8002e2d0	SYS_OBJ_27A8	unknown	undefined SYS_OBJ_27A8(void)
F	8002e364	SYS_OBJ_283C	unknown	undefined SYS_OBJ_283C(void)
F	8002e384	_exeque	unknown	undefined _exeque(void)
F	8002e670	_reset	unknown	undefined _reset(void)
F	8002e794	SYS_OBJ_2C6C	unknown	undefined SYS_OBJ_2C6C(void)
F	8002e7cc	_sync	unknown	void _sync(void)
F	8002e7ec	SYS_OBJ_2CC4	unknown	undefined SYS_OBJ_2CC4(void)
F	8002e804	SYS_OBJ_2CDC	unknown	undefined SYS_OBJ_2CDC(void)
F	8002e900	SYS_OBJ_2DD8	unknown	undefined SYS_OBJ_2DD8(void)
F	8002e914	set_alarm	unknown	undefined set_alarm(void)
F	8002e948	get_alarm	unknown	undefined get_alarm(void)
F	8002eaa4	SYS_OBJ_2F7C	unknown	undefined SYS_OBJ_2F7C(void)
F	8002eab4	_version	unknown	undefined _version(void)
F	8002eb88	SYS_OBJ_3060	unknown	undefined SYS_OBJ_3060(void)
F	8002eb90	memset	__stdcall	void * memset(uchar * param_1, uchar param_2, int param_3)
F	8002ebbc	GPU_cw	unknown	undefined GPU_cw(void)
F	8002ebcc	OpenTIM	__stdcall	int OpenTIM(u_long * addr)
F	8002ebdc	ReadTIM	__stdcall	TIM_IMAGE * ReadTIM(TIM_IMAGE * timimg)
F	8002ec30	TMD_OBJ_64	unknown	undefined TMD_OBJ_64(void)
F	8002ec44	OpenTMD	__stdcall	int OpenTMD(u_long * tmd, int obj_no)
F	8002ec84	ReadTMD	__stdcall	TMD_PRIM * ReadTMD(TMD_PRIM * tmdprim)
F	8002ef30	get_tim_addr	unknown	undefined get_tim_addr(void)
F	8002f014	TMD_OBJ_448	unknown	undefined TMD_OBJ_448(void)
F	8002f034	TMD_OBJ_468	unknown	undefined TMD_OBJ_468(void)
F	8002f050	get_tmd_addr	unknown	undefined get_tmd_addr(void)
F	8002f1e8	unpack_packet	unknown	undefined unpack_packet(void)
F	80030334	TMD_OBJ_1768	unknown	undefined TMD_OBJ_1768(void)
F	80030350	TMD_OBJ_1784	unknown	undefined TMD_OBJ_1784(void)
F	80031594	AddDrv	unknown	undefined AddDrv(void)
F	800315a4	DelDrv	unknown	undefined DelDrv(void)
F	80050078	obj_find_by_handle	unknown	undefined obj_find_by_handle(void)
F	8005015c	obj_find_by_id	unknown	undefined obj_find_by_id(void)
F	80059b50	gte_renderer_type6	unknown	undefined gte_renderer_type6(void)
F	8005b648	box_init	unknown	undefined box_init(void)
F	8005c2a8	box_init_caller	unknown	undefined box_init_caller(void)
F	8006599c	draw_string	unknown	undefined draw_string(void)
F	80065dbc	draw_kanji	unknown	undefined draw_kanji(void)
F	800660c4	draw_char	unknown	undefined draw_char(void)
F	80082190	name_input_handler	unknown	undefined name_input_handler(void)
F	80083a28	cursor_update	unknown	undefined cursor_update(void)
F	80088794	__builtin_delete	unknown	undefined __builtin_delete(void)
F	8009bce0	main_frame_loop	unknown	undefined main_frame_loop(void)
F	8009c07c	render_dispatcher	unknown	undefined render_dispatcher(void)
F	800b597c	GsMapModelingData	__stdcall	void GsMapModelingData(ulong * p)
F	800b59f4	__adddf3	unknown	undefined __adddf3(void)
F	800b5b84	ADDDF3_OBJ_190	unknown	undefined ADDDF3_OBJ_190(void)
F	800b5d38	ADDDF3_OBJ_344	unknown	undefined ADDDF3_OBJ_344(void)
F	800b5d44	ADDDF3_OBJ_350	unknown	undefined ADDDF3_OBJ_350(void)
F	800b5d74	_add_mant_d	unknown	undefined _add_mant_d(void)
F	800b5e24	_dbl_shift	unknown	undefined _dbl_shift(void)
F	800b5e48	DBSHIFT_OBJ_24	unknown	undefined DBSHIFT_OBJ_24(void)
F	800b5eec	__divdf3	unknown	undefined __divdf3(void)
F	800b6138	DIVDF3_OBJ_24C	unknown	undefined DIVDF3_OBJ_24C(void)
F	800b619c	DIVDF3_OBJ_2B0	unknown	undefined DIVDF3_OBJ_2B0(void)
F	800b61d0	_comp_mant	unknown	undefined _comp_mant(void)
F	800b620c	DIVDF3_OBJ_320	unknown	undefined DIVDF3_OBJ_320(void)
F	800b6214	_dbl_shift_us	unknown	undefined _dbl_shift_us(void)
F	800b6238	DBSHIFTU_OBJ_24	unknown	undefined DBSHIFTU_OBJ_24(void)
F	800b62dc	__fixdfsi	unknown	undefined __fixdfsi(void)
F	800b63b0	FIXDFSI_OBJ_D4	unknown	undefined FIXDFSI_OBJ_D4(void)
F	800b63bc	FIXDFSI_OBJ_E0	unknown	undefined FIXDFSI_OBJ_E0(void)
F	800b63dc	__floatsidf	unknown	undefined __floatsidf(void)
F	800b64b8	FLTSIDF_OBJ_DC	unknown	undefined FLTSIDF_OBJ_DC(void)
F	800b65bc	__gtdf2	unknown	undefined __gtdf2(void)
F	800b6690	GTDF2_OBJ_D4	unknown	undefined GTDF2_OBJ_D4(void)
F	800b6698	__ledf2	unknown	undefined __ledf2(void)
F	800b6768	LEDF2_OBJ_D0	unknown	undefined LEDF2_OBJ_D0(void)
F	800b6770	__ltdf2	unknown	undefined __ltdf2(void)
F	800b6844	LTDF2_OBJ_D4	unknown	undefined LTDF2_OBJ_D4(void)
F	800b6848	LTDF2_OBJ_D8	unknown	undefined LTDF2_OBJ_D8(void)
F	800b6850	_mainasu	unknown	undefined _mainasu(void)
F	800b68c4	__muldf3	unknown	undefined __muldf3(void)
F	800b6b38	MULDF3_OBJ_274	unknown	undefined MULDF3_OBJ_274(void)
F	800b6b9c	MULDF3_OBJ_2D8	unknown	undefined MULDF3_OBJ_2D8(void)
F	800b6bd8	_mul_mant_d	unknown	undefined _mul_mant_d(void)
F	800b6cc8	__subdf3	unknown	undefined __subdf3(void)
F	800b6d3c	SUBDF3_OBJ_74	unknown	undefined SUBDF3_OBJ_74(void)
F	800b6d4c	__negdf2	unknown	undefined __negdf2(void)
F	800b6d84	_err_math	unknown	undefined _err_math(void)
F	800b6dd4	FERR_OBJ_50	unknown	undefined FERR_OBJ_50(void)
F	800b6ddc	FERR_OBJ_58	unknown	undefined FERR_OBJ_58(void)
C	8001c170	1	Possible PsyQ macro: setSprt16() + setSemiTrans(sprt16, 1) + setShadeTex(sprt16, 1)
C	8001d294	1	Possible PsyQ macro: setLineF2()
C	8001e5f4	1	Possible PsyQ macro: setLineF2()
C	800203b4	1	Possible PsyQ macro: setLineF2()
C	800203d0	1	Possible PsyQ macro: setSprt16() + setSemiTrans(sprt16, 1) + setShadeTex(sprt16, 1)
C	800206d4	1	Possible PsyQ macro: setSprt16() + setSemiTrans(sprt16, 1) + setShadeTex(sprt16, 1)
C	8002b0e8	1	Possible PsyQ macro: setPolyG3()
C	8002b15c	1	Possible PsyQ macro: setPolyF3()
C	8002b448	1	Probable PsyQ macro: nextPrim(), with pattern: *pPrim & 0xffffff | 0x80000000.
C	8002b488	1	Probable PsyQ macro: addPrim().
C	8002b4c4	1	Probable PsyQ macro: addPrim().
C	8002b57c	1	Possible PsyQ macro: setPolyF3()
C	8002b590	1	Possible PsyQ macro: setPolyFT3()
C	8002b5a4	1	Possible PsyQ macro: setPolyG3()
C	8002b5b8	1	Possible PsyQ macro: setPolyGT3()
C	8002b5cc	1	Possible PsyQ macro: setPolyF4()
C	8002b5e0	1	Possible PsyQ macro: setPolyFT4()
C	8002b5f4	1	Possible PsyQ macro: setPolyG4()
C	8002b608	1	Possible PsyQ macro: setPolyGT4()
C	8002b61c	1	Possible PsyQ macro: setSprt8()
C	8002b630	1	Possible PsyQ macro: setSprt16()
C	8002b644	1	Possible PsyQ macro: setSprt()
C	8002b658	1	Possible PsyQ macro: setTile1()
C	8002b66c	1	Possible PsyQ macro: setTile16()
C	8002b680	1	Possible PsyQ macro: setTile8()
C	8002b694	1	Possible PsyQ macro: setTile()
C	8002b6a8	1	Possible PsyQ macro: setLineF2()
C	8002b6bc	1	Possible PsyQ macro: setLineG2()
C	8002b6d8	1	Possible PsyQ macro: setLineF3()
C	8002b6f8	1	Possible PsyQ macro: setLineG3()
C	8002b718	1	Possible PsyQ macro: setLineF4()
C	8002b738	1	Possible PsyQ macro: setLineG4()
C	8002d990	1	Probable PsyQ macro: setDrawTPage() if setlen(p, 1), setDrawMode() if setlen(p, 2).
C	8002da60	1	Probable PsyQ macro: setDrawTPage() if setlen(p, 1), setDrawMode() if setlen(p, 2).
C	8005f8b4	1	Possible PsyQ macro: setPolyFT4() + setSemiTrans(polyFT4, 1)
C	8005fa0c	1	Probable PsyQ macro: addPrim().
C	8005fa74	1	Probable PsyQ macro: addPrim().
C	8005fadc	1	Probable PsyQ macro: addPrim().
C	8005fba4	1	Possible PsyQ macro: setPolyG4() + setSemiTrans(polyG4, 1)
C	8005fd24	1	Probable PsyQ macro: addPrim().
C	8005fd8c	1	Probable PsyQ macro: addPrim().
C	8005fdf4	1	Probable PsyQ macro: addPrim().
C	8005febc	1	Probable PsyQ macro: addPrim().
C	8005ff40	1	Probable PsyQ macro: addPrim().
C	80064a70	1	Probable PsyQ macro: setLineF2()
C	80064a80	1	Probable PsyQ macro: setLineF4()
C	80064b5c	1	Probable PsyQ macro: addPrim().
C	80064bbc	1	Probable PsyQ macro: addPrim().
C	80064fe4	1	Probable PsyQ macro: setPolyG4()
C	80065144	1	Probable PsyQ macro: addPrim().
C	8006543c	1	Possible PsyQ macro: setSprt()
C	8006565c	1	Probable PsyQ macro: addPrim().
C	80065720	1	Possible PsyQ macro: setSprt()
C	80065940	1	Probable PsyQ macro: addPrim().
C	800661e8	1	Probable PsyQ macro: setSprt()
C	80066400	1	Probable PsyQ macro: addPrim().
C	8006664c	1	Probable PsyQ macro: setSprt()
C	8006685c	1	Probable PsyQ macro: addPrim().
C	80066920	1	Probable PsyQ macro: addPrim().
C	80087f90	1	Possible PsyQ macro: setLineF2()
C	80088000	1	Possible PsyQ macro: setLineF2()
C	80088a6c	1	Possible PsyQ macro: setPolyG3()
C	80011e6c	3	Possible 2MBYTE.OBJ/stup2\nPossible 2MBYTE.OBJ/__SN_ENTRY_POINT
C	8001584c	3	Possible VM_VIB.OBJ/SsUtVibrateOn
C	80015854	3	Possible VM_VIB.OBJ/SsUtVibrateOff\nPossible VM_VIB.OBJ/SsUtVibrateOn
C	8001585c	3	Possible VM_VIB.OBJ/SsUtVibrateOff\nPossible VM_VIB.OBJ/SsUtVibrateOn
C	80015864	3	Possible VM_VIB.OBJ/SsUtVibrateOff
C	80016170	3	Possible GS_106.OBJ/GsSetProjection\nPossible _OP_VDEL.OBJ/__builtin_vec_delete\nPossible _OP_VNEW.OBJ/__builtin_vec_new\nPossible SSNOFF.OBJ/SsSetNoiseOff\nPossible SSQUIT.OBJ/SsQuit
C	800161b8	3	Possible GS_106.OBJ/GsSetProjection\nPossible _OP_VDEL.OBJ/__builtin_vec_delete\nPossible _OP_VNEW.OBJ/__builtin_vec_new\nPossible SSNOFF.OBJ/SsSetNoiseOff\nPossible SSQUIT.OBJ/SsQuit
C	800161d8	3	Possible GS_106.OBJ/GsSetProjection\nPossible _OP_VDEL.OBJ/__builtin_vec_delete\nPossible _OP_VNEW.OBJ/__builtin_vec_new\nPossible SSNOFF.OBJ/SsSetNoiseOff\nPossible SSQUIT.OBJ/SsQuit
C	80016f28	3	Possible INIT.OBJ/InitCARD
C	80016f7c	3	Possible INIT.OBJ/StartCARD
C	80016fb4	3	Possible INIT.OBJ/StopCARD\nPossible SSINIT_C.OBJ/SsInit\nPossible SSINIT_H.OBJ/SsInitHot
C	800171b4	3	Possible END.OBJ/_ExitCard
C	800171e4	3	Possible END.OBJ/END_OBJ_30
C	8001721c	3	Possible END.OBJ/END_OBJ_68
C	80017228	3	Possible END.OBJ/END_OBJ_74
C	80017418	3	Possible GS_106.OBJ/GsSetProjection\nPossible _OP_VDEL.OBJ/__builtin_vec_delete\nPossible _OP_VNEW.OBJ/__builtin_vec_new\nPossible SSNOFF.OBJ/SsSetNoiseOff\nPossible SSQUIT.OBJ/SsQuit
C	80017440	3	Possible GS_101.OBJ/GsSetNearClip\nPossible GS_102.OBJ/GsSetFarClip\nPossible GS_124.OBJ/GsSetWorkBase
C	800174b8	3	Possible GS_106.OBJ/GsSetProjection\nPossible _OP_VDEL.OBJ/__builtin_vec_delete\nPossible _OP_VNEW.OBJ/__builtin_vec_new\nPossible SSNOFF.OBJ/SsSetNoiseOff\nPossible SSQUIT.OBJ/SsQuit
C	800174d8	3	Possible GS_106.OBJ/GsSetProjection\nPossible _OP_VDEL.OBJ/__builtin_vec_delete\nPossible _OP_VNEW.OBJ/__builtin_vec_new\nPossible SSNOFF.OBJ/SsSetNoiseOff\nPossible SSQUIT.OBJ/SsQuit
C	80017500	3	Possible GS_101.OBJ/GsSetNearClip\nPossible GS_102.OBJ/GsSetFarClip\nPossible GS_124.OBJ/GsSetWorkBase
C	80017518	3	Possible GS_101.OBJ/GsSetNearClip\nPossible GS_102.OBJ/GsSetFarClip\nPossible GS_124.OBJ/GsSetWorkBase
C	80017934	3	Possible GS_106.OBJ/GsSetProjection\nPossible _OP_VDEL.OBJ/__builtin_vec_delete\nPossible _OP_VNEW.OBJ/__builtin_vec_new\nPossible SSNOFF.OBJ/SsSetNoiseOff\nPossible SSQUIT.OBJ/SsQuit
C	800190cc	3	Possible GS_101.OBJ/GsSetNearClip\nPossible GS_102.OBJ/GsSetFarClip\nPossible GS_124.OBJ/GsSetWorkBase
C	8001a164	3	Possible GS_101.OBJ/GsSetNearClip\nPossible GS_102.OBJ/GsSetFarClip\nPossible GS_124.OBJ/GsSetWorkBase
C	8001a208	3	Possible GS_106.OBJ/GsSetProjection\nPossible _OP_VDEL.OBJ/__builtin_vec_delete\nPossible _OP_VNEW.OBJ/__builtin_vec_new\nPossible SSNOFF.OBJ/SsSetNoiseOff\nPossible SSQUIT.OBJ/SsQuit
C	8001a288	3	Possible C_003.OBJ/StUnSetRing
C	8001a610	3	Possible C_010.OBJ/StSetMask
C	8001c1a8	3	Possible SSSNC.OBJ/SsSetNck
C	8001c1cc	3	Possible SSSNC.OBJ/SsSetNck
C	8001c39c	3	Possible SSINIT_C.OBJ/SsInit\nPossible SSINIT_H.OBJ/SsInitHot
C	8001c3cc	3	Possible UT_ROFF.OBJ/SsUtReverbOff
C	8001ddc0	3	Possible DE_17.OBJ/_SsSetNrpnVabAttr17\nPossible DE_18.OBJ/_SsSetNrpnVabAttr18\nPossible DE_19.OBJ/_SsSetNrpnVabAttr19
C	8001de0c	3	Possible DE_15.OBJ/_SsSetNrpnVabAttr15\nPossible DE_17.OBJ/_SsSetNrpnVabAttr17\nPossible DE_18.OBJ/_SsSetNrpnVabAttr18\nPossible DE_19.OBJ/_SsSetNrpnVabAttr19
C	8001de30	3	Possible DE_15.OBJ/_SsSetNrpnVabAttr15\nPossible DE_17.OBJ/_SsSetNrpnVabAttr17\nPossible DE_18.OBJ/_SsSetNrpnVabAttr18\nPossible DE_19.OBJ/_SsSetNrpnVabAttr19
C	8001de54	3	Possible DE_15.OBJ/_SsSetNrpnVabAttr15\nPossible DE_17.OBJ/_SsSetNrpnVabAttr17\nPossible DE_18.OBJ/_SsSetNrpnVabAttr18\nPossible DE_19.OBJ/_SsSetNrpnVabAttr19
C	8001f1c8	3	Possible SSSTART.OBJ/SsStart\nPossible UT_RON.OBJ/SsUtReverbOn
C	8001f1e8	3	Possible S_I.OBJ/SpuInit\nPossible UT_ROFF.OBJ/SsUtReverbOff
C	80020414	3	Possible PLAY.OBJ/_SsSndPlay
C	800228c4	3	Possible S_I.OBJ/SpuInit\nPossible UT_ROFF.OBJ/SsUtReverbOff
C	800228e4	3	Possible S_IH.OBJ/SpuInitHot\nPossible UT_RON.OBJ/SsUtReverbOn
C	80023354	3	Possible VM_DOFF.OBJ/_SsVmDamperOff
C	80023364	3	Possible VM_DON.OBJ/_SsVmDamperOn
C	80023a90	3	Possible S_IT.OBJ/_spu_setInTransfer
C	80023aac	3	Possible S_IT.OBJ/S_IT_OBJ_1C
C	80023ab4	3	Possible S_IT.OBJ/S_IT_OBJ_24
C	80023abc	3	Possible S_IT.OBJ/_spu_getInTransfer
C	80024288	3	Possible VM_VIB.OBJ/SsUtVibrateOn
C	80024290	3	Possible VM_VIB.OBJ/SsUtVibrateOff
C	80026bec	3	Possible S_W.OBJ/SpuWrite
C	80026c14	3	Possible S_W.OBJ/S_W_OBJ_28
C	80026c38	3	Possible S_W.OBJ/S_W_OBJ_4C
C	80028074	3	Possible MTX_07.OBJ/TransMatrix
C	800283d4	3	Possible REG12.OBJ/SetGeomOffset
C	800283f4	3	Possible REG13.OBJ/SetGeomScreen
C	80029a48	3	Possible VMODE.OBJ/SetVideoMode
C	80029a50	3	Possible GS_101.OBJ/GsSetNearClip\nPossible GS_102.OBJ/GsSetFarClip\nPossible GS_124.OBJ/GsSetWorkBase
C	80029a60	3	Possible VMODE.OBJ/GetVideoMode\nPossible GS_125.OBJ/GsGetWorkBase
C	80029b40	3	Possible A36.OBJ/EnterCriticalSection
C	80029b50	3	Possible A37.OBJ/ExitCriticalSection
C	80029d68	3	Possible GS_101.OBJ/GsSetNearClip\nPossible GS_102.OBJ/GsSetFarClip\nPossible GS_124.OBJ/GsSetWorkBase
C	80029d78	3	Possible GS_125.OBJ/GsGetWorkBase
C	80029ed0	3	Possible SSINIT_C.OBJ/SsInit\nPossible SSINIT_H.OBJ/SsInitHot
C	8002a3f0	3	Possible GS_101.OBJ/GsSetNearClip\nPossible GS_102.OBJ/GsSetFarClip\nPossible GS_124.OBJ/GsSetWorkBase
C	800303d8	3	Possible VM_VIB.OBJ/SsUtVibrateOn
C	800303e0	3	Possible VM_VIB.OBJ/SsUtVibrateOff
C	800507ec	3	Possible VM_VIB.OBJ/SsUtVibrateOn
C	800507f4	3	Possible VM_VIB.OBJ/SsUtVibrateOff\nPossible VM_VIB.OBJ/SsUtVibrateOn
C	800507fc	3	Possible VM_VIB.OBJ/SsUtVibrateOff
C	800728d8	3	Possible GS_106.OBJ/GsSetProjection\nPossible _OP_VDEL.OBJ/__builtin_vec_delete\nPossible _OP_VNEW.OBJ/__builtin_vec_new\nPossible SSNOFF.OBJ/SsSetNoiseOff\nPossible SSQUIT.OBJ/SsQuit
C	8008b8c0	3	Possible VM_VIB.OBJ/SsUtVibrateOn
C	8008b8c8	3	Possible VM_VIB.OBJ/SsUtVibrateOff
C	8008ba60	3	Possible VM_VIB.OBJ/SsUtVibrateOn
C	8008ba68	3	Possible VM_VIB.OBJ/SsUtVibrateOff
C	8008bc00	3	Possible VM_VIB.OBJ/SsUtVibrateOn
C	8008bc08	3	Possible VM_VIB.OBJ/SsUtVibrateOff
C	8008bd8c	3	Possible VM_VIB.OBJ/SsUtVibrateOn
C	8008bd94	3	Possible VM_VIB.OBJ/SsUtVibrateOff
C	8008bedc	3	Possible VM_VIB.OBJ/SsUtVibrateOn
C	8008bee4	3	Possible VM_VIB.OBJ/SsUtVibrateOff
C	800a2cfc	3	Possible VM_VIB.OBJ/SsUtVibrateOn
C	800a2d04	3	Possible VM_VIB.OBJ/SsUtVibrateOff
