mission,namespace,type,count,init_ptr,hp_values,resource_ids
0,spawn_hw7,7,2,,,
0,spawn_hw7,8,2,,,
0,spawn_hw7,25,1,,,
0,spawn_hw7,34,1,,,
0,spawn_logical_hw3,-1,1,(no INIT),0,7
0,spawn_logical_hw3,0,3,(no INIT),0,7 8
0,spawn_logical_hw3,1,2,0x801c52c0,5200,25 34
0,objobj_init,1,,0x801c52c0,,
1,spawn_hw7,5,1,,,
1,spawn_hw7,17,1,,,
1,spawn_hw7,19,1,,,
1,spawn_hw7,21,1,,,
1,spawn_hw7,24,1,,,
1,spawn_hw7,25,1,,,
1,spawn_hw7,26,1,,,
1,spawn_hw7,40,1,,,
1,spawn_hw7,43,1,,,
1,spawn_hw7,44,1,,,
1,spawn_hw7,46,1,,,
1,spawn_hw7,47,1,,,
1,spawn_hw7,50,1,,,
1,spawn_hw7,53,1,,,
1,spawn_hw7,58,1,,,
1,spawn_hw7,62,1,,,
1,spawn_hw7,69,1,,,
1,spawn_hw7,77,3,,,
1,spawn_hw7,90,1,,,
1,spawn_hw7,93,1,,,
1,spawn_hw7,96,1,,,
1,spawn_hw7,99,1,,,
1,spawn_hw7,112,3,,,
1,spawn_logical_hw3,-1,1,(no INIT),0,77
1,spawn_logical_hw3,0,3,(no INIT),0,77 112
1,spawn_logical_hw3,1,18,0x801c5e60,2050,17 19 21 24 25 40 47 50 53 58 62 69 90 93 96 99 112
1,spawn_logical_hw3,2,1,0x801c5e60,9800,5
1,spawn_logical_hw3,3,4,0x801c5e84,1500,26 43 44 46
1,objobj_init,1,,0x801c5e60,,
1,objobj_init,2,,0x801c5e60,,
1,objobj_init,3,,0x801c5e84,,
2,spawn_hw7,4,1,,,
2,spawn_hw7,5,1,,,
2,spawn_hw7,6,1,,,
2,spawn_hw7,8,1,,,
2,spawn_hw7,13,1,,,
2,spawn_hw7,20,1,,,
2,spawn_hw7,22,1,,,
2,spawn_hw7,29,1,,,
2,spawn_hw7,30,1,,,
2,spawn_hw7,33,5,,,
2,spawn_hw7,37,1,,,
2,spawn_hw7,39,1,,,
2,spawn_hw7,47,1,,,
2,spawn_hw7,62,1,,,
2,spawn_hw7,190,1,,,
2,spawn_hw7,196,1,,,
2,spawn_logical_hw3,-1,5,(no INIT),0 3000 6000,13 29 33 37
2,spawn_logical_hw3,0,3,(no INIT),0,8 62 190
2,spawn_logical_hw3,1,7,0x801c59e8,1300,22 30 33 39 47
2,spawn_logical_hw3,2,4,0x801c5e30,4500,4 5 6 20
2,spawn_logical_hw3,3,1,0x801c6528,6000,196
2,objobj_init,1,,0x801c59e8,,
2,objobj_init,2,,0x801c5e30,,
2,objobj_init,3,,0x801c6528,,
3,spawn_hw7,0,2,,,
3,spawn_hw7,1,1,,,
3,spawn_hw7,3,3,,,
3,spawn_hw7,5,1,,,
3,spawn_hw7,6,1,,,
3,spawn_hw7,8,3,,,
3,spawn_hw7,9,6,,,
3,spawn_hw7,10,1,,,
3,spawn_hw7,11,4,,,
3,spawn_hw7,12,2,,,
3,spawn_hw7,15,2,,,
3,spawn_hw7,17,4,,,
3,spawn_hw7,18,1,,,
3,spawn_hw7,19,2,,,
3,spawn_hw7,20,1,,,
3,spawn_hw7,21,2,,,
3,spawn_hw7,22,2,,,
3,spawn_hw7,23,2,,,
3,spawn_hw7,24,2,,,
3,spawn_hw7,26,2,,,
3,spawn_hw7,27,1,,,
3,spawn_hw7,28,2,,,
3,spawn_hw7,29,4,,,
3,spawn_hw7,32,3,,,
3,spawn_hw7,33,2,,,
3,spawn_hw7,35,3,,,
3,spawn_hw7,36,1,,,
3,spawn_hw7,37,2,,,
3,spawn_hw7,38,1,,,
3,spawn_hw7,39,3,,,
3,spawn_hw7,40,1,,,
3,spawn_hw7,43,3,,,
3,spawn_hw7,44,3,,,
3,spawn_hw7,46,2,,,
3,spawn_hw7,58,2,,,
3,spawn_hw7,59,1,,,
3,spawn_hw7,60,1,,,
3,spawn_hw7,65,1,,,
3,spawn_logical_hw3,-1,1,(no INIT),0,1
3,spawn_logical_hw3,0,3,(no INIT),0,0 65
3,spawn_logical_hw3,1,76,0x801c5374,600,3 5 6 8 9 10 11 12 15 17 18 19 20 21 22 23 24 26 27 28 29 32 33 35 36 37 38 39 40 43 44 46 58 59 60
3,objobj_init,1,,0x801c5374,,
4,spawn_hw7,21,1,,,
4,spawn_hw7,29,3,,,
4,spawn_hw7,127,1,,,
4,spawn_hw7,139,1,,,
4,spawn_logical_hw3,-1,1,(no INIT),0,29
4,spawn_logical_hw3,0,3,(no INIT),0,29 139
4,spawn_logical_hw3,1,1,0x801c5418,18000,21
4,spawn_logical_hw3,2,1,0x801c64f4,4500,127
4,objobj_init,1,,0x801c5418,,
4,objobj_init,2,,0x801c64f4,,
5,spawn_hw7,8,4,,,
5,spawn_hw7,12,2,,,
5,spawn_hw7,14,1,,,
5,spawn_hw7,15,1,,,
5,spawn_hw7,145,1,,,
5,spawn_hw7,146,3,,,
5,spawn_hw7,155,1,,,
5,spawn_hw7,156,1,,,
5,spawn_hw7,157,1,,,
5,spawn_hw7,158,2,,,
5,spawn_hw7,159,1,,,
5,spawn_hw7,160,1,,,
5,spawn_logical_hw3,-1,4,(no INIT),0 500,8 146 157 158
5,spawn_logical_hw3,0,3,(no INIT),0,8
5,spawn_logical_hw3,1,12,0x801c5190,400,12 14 15 145 146 155 156 158 159 160
5,objobj_init,1,,0x801c5190,,
6,spawn_hw7,0,1,,,
6,spawn_hw7,1,1,,,
6,spawn_hw7,2,1,,,
6,spawn_hw7,5,1,,,
6,spawn_hw7,11,3,,,
6,spawn_hw7,14,4,,,
6,spawn_hw7,16,1,,,
6,spawn_hw7,19,1,,,
6,spawn_hw7,20,2,,,
6,spawn_hw7,22,1,,,
6,spawn_hw7,23,1,,,
6,spawn_hw7,32,1,,,
6,spawn_hw7,34,2,,,
6,spawn_hw7,38,6,,,
6,spawn_hw7,44,1,,,
6,spawn_logical_hw3,-1,3,(no INIT),0 2000,14 16 20
6,spawn_logical_hw3,0,3,(no INIT),0,11 22 34
6,spawn_logical_hw3,1,2,0x801c5140,4500,2 34
6,spawn_logical_hw3,2,4,0x801c5588,3600,0 5 38 44
6,spawn_logical_hw3,3,9,0x801c63a0,2130,1 11 14 19 20 32
6,spawn_logical_hw3,4,1,0x801c6ad4,20000,23
6,spawn_logical_hw3,5,5,0x801c6bec,1400,38
6,objobj_init,1,,0x801c5140,,
6,objobj_init,2,,0x801c5588,,
6,objobj_init,3,,0x801c63a0,,
6,objobj_init,4,,0x801c6ad4,,
6,objobj_init,5,,0x801c6bec,,
7,spawn_hw7,76,2,,,
7,spawn_hw7,85,1,,,
7,spawn_hw7,87,3,,,
7,spawn_hw7,88,2,,,
7,spawn_hw7,89,2,,,
7,spawn_hw7,96,2,,,
7,spawn_hw7,103,1,,,
7,spawn_hw7,110,1,,,
7,spawn_hw7,112,1,,,
7,spawn_hw7,114,1,,,
7,spawn_hw7,117,1,,,
7,spawn_hw7,119,3,,,
7,spawn_hw7,130,1,,,
7,spawn_hw7,131,1,,,
7,spawn_hw7,134,2,,,
7,spawn_hw7,143,1,,,
7,spawn_hw7,144,1,,,
7,spawn_hw7,151,1,,,
7,spawn_hw7,154,1,,,
7,spawn_hw7,156,1,,,
7,spawn_hw7,160,1,,,
7,spawn_hw7,161,4,,,
7,spawn_hw7,163,16,,,
7,spawn_hw7,164,1,,,
7,spawn_hw7,166,1,,,
7,spawn_hw7,171,1,,,
7,spawn_hw7,172,1,,,
7,spawn_hw7,173,1,,,
7,spawn_hw7,174,3,,,
7,spawn_hw7,181,3,,,
7,spawn_hw7,182,2,,,
7,spawn_hw7,183,1,,,
7,spawn_hw7,184,7,,,
7,spawn_hw7,185,6,,,
7,spawn_hw7,186,3,,,
7,spawn_hw7,189,1,,,
7,spawn_hw7,197,2,,,
7,spawn_hw7,198,2,,,
7,spawn_hw7,206,2,,,
7,spawn_logical_hw3,-1,1,(no INIT),0,174
7,spawn_logical_hw3,0,3,(no INIT),0,103 174
7,spawn_logical_hw3,1,82,0x801c5770,2500,76 85 87 88 89 96 110 112 114 117 119 130 131 134 143 144 151 154 156 160 161 163 164 166 171 172 173 181 182 183 184 185 186 189 197 198 206
7,spawn_logical_hw3,2,1,0x801c6204,7000,206
7,objobj_init,1,,0x801c5770,,
7,objobj_init,2,,0x801c6204,,
8,spawn_hw7,0,3,,,
8,spawn_hw7,1,1,,,
8,spawn_hw7,3,1,,,
8,spawn_hw7,5,2,,,
8,spawn_hw7,6,4,,,
8,spawn_hw7,14,1,,,
8,spawn_hw7,37,1,,,
8,spawn_hw7,40,1,,,
8,spawn_hw7,41,1,,,
8,spawn_hw7,42,1,,,
8,spawn_logical_hw3,-1,2,(no INIT),0 10000,0 42
8,spawn_logical_hw3,0,3,(no INIT),0,0 1
8,spawn_logical_hw3,1,4,0x801c61f8,1200,5 14 37 40
8,spawn_logical_hw3,2,1,0x801c6a60,3000,5
8,spawn_logical_hw3,3,4,0x801c6aa0,1000 3000,6
8,spawn_logical_hw3,4,1,0x801c6ae0,9200,41
8,spawn_logical_hw3,5,1,0x801c7190,20000,3
8,objobj_init,1,,0x801c61f8,,
8,objobj_init,2,,0x801c6a60,,
8,objobj_init,3,,0x801c6aa0,,
8,objobj_init,4,,0x801c6ae0,,
8,objobj_init,5,,0x801c7190,,
9,spawn_hw7,0,3,,,
9,spawn_hw7,1,1,,,
9,spawn_hw7,5,1,,,
9,spawn_hw7,7,1,,,
9,spawn_hw7,9,1,,,
9,spawn_hw7,11,2,,,
9,spawn_hw7,13,1,,,
9,spawn_hw7,17,1,,,
9,spawn_hw7,19,1,,,
9,spawn_hw7,22,1,,,
9,spawn_hw7,26,2,,,
9,spawn_hw7,27,2,,,
9,spawn_hw7,28,1,,,
9,spawn_hw7,29,1,,,
9,spawn_hw7,63,1,,,
9,spawn_hw7,127,2,,,
9,spawn_hw7,128,1,,,
9,spawn_hw7,208,1,,,
9,spawn_logical_hw3,-1,5,(no INIT),0 1750,0 5 11 63 128
9,spawn_logical_hw3,0,3,(no INIT),0,0 208
9,spawn_logical_hw3,1,8,0x801c50f8,2000,9 13 17 19 26 27 28 29
9,spawn_logical_hw3,2,5,0x801c6200,1750,7 26 27 127
9,spawn_logical_hw3,3,3,0x801c6ad4,1700,1 11 22
9,objobj_init,1,,0x801c50f8,,
9,objobj_init,2,,0x801c6200,,
9,objobj_init,3,,0x801c6ad4,,
10,spawn_hw7,2,1,,,
10,spawn_hw7,15,1,,,
10,spawn_hw7,33,1,,,
10,spawn_hw7,44,1,,,
10,spawn_hw7,102,1,,,
10,spawn_logical_hw3,-1,1,(no INIT),0,15
10,spawn_logical_hw3,0,3,(no INIT),0,2 44 102
10,spawn_logical_hw3,1,1,0x801c52c0,11000,33
10,objobj_init,1,,0x801c52c0,,
11,spawn_hw7,0,2,,,
11,spawn_hw7,9,4,,,
11,spawn_hw7,15,2,,,
11,spawn_hw7,18,5,,,
11,spawn_hw7,21,2,,,
11,spawn_hw7,34,1,,,
11,spawn_hw7,38,2,,,
11,spawn_logical_hw3,-1,1,(no INIT),0,38
11,spawn_logical_hw3,0,3,(no INIT),0,0 34
11,spawn_logical_hw3,1,2,0x801c5770,4470,18
11,spawn_logical_hw3,2,7,0x801c5f30,3100,9 15 21
11,spawn_logical_hw3,3,1,0x801c6014,3000,38
11,spawn_logical_hw3,4,4,0x801c6758,5000,9 18
11,objobj_init,1,,0x801c5770,,
11,objobj_init,2,,0x801c5f30,,
11,objobj_init,3,,0x801c6014,,
11,objobj_init,4,,0x801c6758,,
12,spawn_hw7,2,1,,,
12,spawn_hw7,13,2,,,
12,spawn_hw7,22,2,,,
12,spawn_hw7,24,2,,,
12,spawn_hw7,33,1,,,
12,spawn_hw7,43,1,,,
12,spawn_hw7,44,1,,,
12,spawn_hw7,45,1,,,
12,spawn_hw7,48,1,,,
12,spawn_hw7,55,1,,,
12,spawn_hw7,57,1,,,
12,spawn_hw7,58,1,,,
12,spawn_hw7,59,1,,,
12,spawn_hw7,60,1,,,
12,spawn_hw7,79,1,,,
12,spawn_hw7,82,1,,,
12,spawn_hw7,84,1,,,
12,spawn_hw7,88,1,,,
12,spawn_hw7,92,2,,,
12,spawn_hw7,106,3,,,
12,spawn_hw7,126,3,,,
12,spawn_hw7,127,1,,,
12,spawn_hw7,151,2,,,
12,spawn_hw7,154,3,,,
12,spawn_hw7,155,1,,,
12,spawn_hw7,158,1,,,
12,spawn_hw7,201,1,,,
12,spawn_hw7,229,1,,,
12,spawn_hw7,297,1,,,
12,spawn_hw7,298,1,,,
12,spawn_hw7,309,1,,,
12,spawn_hw7,311,1,,,
12,spawn_hw7,312,1,,,
12,spawn_hw7,313,1,,,
12,spawn_hw7,316,1,,,
12,spawn_hw7,317,1,,,
12,spawn_hw7,330,1,,,
12,spawn_hw7,331,1,,,
12,spawn_hw7,335,1,,,
12,spawn_hw7,336,1,,,
12,spawn_hw7,345,1,,,
12,spawn_logical_hw3,-1,9,(no INIT),0 1000,2 24 33 154 155 158
12,spawn_logical_hw3,0,3,(no INIT),0,13 229
12,spawn_logical_hw3,1,36,0x801c53a0,1000,43 44 45 48 55 57 58 59 60 79 82 84 88 92 106 126 127 201 297 298 309 311 312 313 316 317 330 331 335 336 345
12,spawn_logical_hw3,2,4,0x801c572c,480,22 151
12,objobj_init,1,,0x801c53a0,,
12,objobj_init,2,,0x801c572c,,
13,spawn_hw7,12,2,,,
13,spawn_hw7,16,2,,,
13,spawn_hw7,23,1,,,
13,spawn_hw7,62,1,,,
13,spawn_hw7,80,1,,,
13,spawn_logical_hw3,-1,1,(no INIT),0,16
13,spawn_logical_hw3,0,3,(no INIT),0,12 16
13,spawn_logical_hw3,1,3,0x801c52c0,13500,23 62 80
13,objobj_init,1,,0x801c52c0,,
14,spawn_hw7,3,12,,,
14,spawn_hw7,23,3,,,
14,spawn_hw7,24,10,,,
14,spawn_logical_hw3,-1,1,(no INIT),0,24
14,spawn_logical_hw3,0,3,(no INIT),0,24
14,spawn_logical_hw3,1,12,0x801c5b34,1200,3
14,spawn_logical_hw3,2,5,0x801c5c4c,3000,23 24
14,spawn_logical_hw3,3,4,0x801c5fc0,500,23 24
14,objobj_init,1,,0x801c5b34,,
14,objobj_init,2,,0x801c5c4c,,
14,objobj_init,3,,0x801c5fc0,,
15,spawn_hw7,0,2,,,
15,spawn_hw7,1,1,,,
15,spawn_hw7,6,1,,,
15,spawn_hw7,9,2,,,
15,spawn_hw7,10,1,,,
15,spawn_hw7,37,1,,,
15,spawn_hw7,46,1,,,
15,spawn_hw7,71,1,,,
15,spawn_hw7,75,1,,,
15,spawn_hw7,84,2,,,
15,spawn_hw7,85,1,,,
15,spawn_hw7,102,1,,,
15,spawn_hw7,113,1,,,
15,spawn_hw7,115,1,,,
15,spawn_hw7,116,1,,,
15,spawn_hw7,142,1,,,
15,spawn_hw7,145,1,,,
15,spawn_hw7,151,3,,,
15,spawn_hw7,167,1,,,
15,spawn_hw7,169,1,,,
15,spawn_hw7,193,1,,,
15,spawn_hw7,196,1,,,
15,spawn_hw7,214,5,,,
15,spawn_hw7,231,1,,,
15,spawn_hw7,232,1,,,
15,spawn_hw7,242,1,,,
15,spawn_hw7,243,1,,,
15,spawn_hw7,259,1,,,
15,spawn_hw7,267,1,,,
15,spawn_hw7,337,1,,,
15,spawn_logical_hw3,-1,1,(no INIT),0,169
15,spawn_logical_hw3,0,3,(no INIT),0,0 9
15,spawn_logical_hw3,1,28,0x801c5754,2500,1 6 9 10 71 75 84 102 113 116 142 145 151 167 193 196 214 232 242 243 259 267 337
15,spawn_logical_hw3,2,7,0x801c61e8,7000,37 46 85 115 151 214 231
15,objobj_init,1,,0x801c5754,,
15,objobj_init,2,,0x801c61e8,,
17,spawn_hw7,0,1,,,
17,spawn_hw7,3,1,,,
17,spawn_hw7,11,3,,,
17,spawn_hw7,18,1,,,
17,spawn_hw7,43,1,,,
17,spawn_hw7,46,1,,,
17,spawn_hw7,59,1,,,
17,spawn_hw7,61,1,,,
17,spawn_hw7,80,1,,,
17,spawn_hw7,104,1,,,
17,spawn_hw7,105,1,,,
17,spawn_hw7,109,1,,,
17,spawn_hw7,117,1,,,
17,spawn_hw7,121,1,,,
17,spawn_hw7,122,1,,,
17,spawn_hw7,124,1,,,
17,spawn_hw7,151,1,,,
17,spawn_hw7,152,1,,,
17,spawn_hw7,246,1,,,
17,spawn_logical_hw3,-1,1,(no INIT),0,0
17,spawn_logical_hw3,0,3,(no INIT),0,11 18
17,spawn_logical_hw3,1,10,0x801c52fc,3630,3 11 59 61 80 105 109 122 124 246
17,spawn_logical_hw3,2,7,0x801c5dc8,1300,43 46 104 117 121 151 152
17,objobj_init,1,,0x801c52fc,,
17,objobj_init,2,,0x801c5dc8,,
18,spawn_hw7,0,3,,,
18,spawn_hw7,4,1,,,
18,spawn_hw7,6,3,,,
18,spawn_hw7,10,1,,,
18,spawn_hw7,12,1,,,
18,spawn_hw7,17,2,,,
18,spawn_hw7,21,2,,,
18,spawn_hw7,23,1,,,
18,spawn_hw7,26,3,,,
18,spawn_hw7,31,1,,,
18,spawn_hw7,36,1,,,
18,spawn_hw7,40,2,,,
18,spawn_hw7,42,1,,,
18,spawn_hw7,43,1,,,
18,spawn_hw7,45,1,,,
18,spawn_hw7,46,1,,,
18,spawn_hw7,47,1,,,
18,spawn_hw7,50,3,,,
18,spawn_hw7,51,1,,,
18,spawn_hw7,52,1,,,
18,spawn_hw7,54,2,,,
18,spawn_hw7,59,1,,,
18,spawn_hw7,60,1,,,
18,spawn_hw7,63,1,,,
18,spawn_hw7,65,1,,,
18,spawn_hw7,70,1,,,
18,spawn_hw7,71,1,,,
18,spawn_hw7,75,1,,,
18,spawn_hw7,77,1,,,
18,spawn_hw7,79,1,,,
18,spawn_hw7,81,1,,,
18,spawn_hw7,82,1,,,
18,spawn_hw7,83,1,,,
18,spawn_hw7,87,1,,,
18,spawn_hw7,91,1,,,
18,spawn_hw7,92,1,,,
18,spawn_hw7,93,1,,,
18,spawn_hw7,97,1,,,
18,spawn_hw7,99,1,,,
18,spawn_hw7,106,1,,,
18,spawn_hw7,109,1,,,
18,spawn_hw7,110,1,,,
18,spawn_hw7,112,1,,,
18,spawn_hw7,113,1,,,
18,spawn_hw7,118,1,,,
18,spawn_hw7,119,1,,,
18,spawn_hw7,121,1,,,
18,spawn_hw7,122,1,,,
18,spawn_hw7,125,1,,,
18,spawn_hw7,127,1,,,
18,spawn_hw7,129,1,,,
18,spawn_hw7,130,1,,,
18,spawn_hw7,131,1,,,
18,spawn_hw7,132,1,,,
18,spawn_hw7,134,1,,,
18,spawn_hw7,139,1,,,
18,spawn_hw7,147,1,,,
18,spawn_hw7,148,2,,,
18,spawn_hw7,153,2,,,
18,spawn_hw7,159,1,,,
18,spawn_hw7,160,1,,,
18,spawn_hw7,163,2,,,
18,spawn_hw7,164,1,,,
18,spawn_hw7,165,1,,,
18,spawn_hw7,170,1,,,
18,spawn_hw7,171,1,,,
18,spawn_hw7,176,1,,,
18,spawn_hw7,177,1,,,
18,spawn_hw7,179,1,,,
18,spawn_hw7,181,2,,,
18,spawn_hw7,182,1,,,
18,spawn_hw7,183,3,,,
18,spawn_hw7,189,1,,,
18,spawn_hw7,190,1,,,
18,spawn_hw7,191,1,,,
18,spawn_hw7,192,2,,,
18,spawn_hw7,194,2,,,
18,spawn_hw7,195,1,,,
18,spawn_hw7,199,1,,,
18,spawn_hw7,204,1,,,
18,spawn_hw7,205,2,,,
18,spawn_logical_hw3,-1,22,(no INIT),0 800 2900,0 6 26 77 130 132 153 170 171 176 181 183 190 194 195 199 204 205
18,spawn_logical_hw3,0,3,(no INIT),0,21 26
18,spawn_logical_hw3,1,43,0x801c5458,800,0 4 6 10 12 17 36 40 46 50 51 52 54 79 87 97 99 106 109 110 112 113 118 119 121 122 125 127 134 139 148 153 163 164
18,spawn_logical_hw3,2,8,0x801c5e90,3300,81 82 83 91 92 93 129 131
18,spawn_logical_hw3,3,1,0x801c5f68,16000,21
18,spawn_logical_hw3,4,8,0x801c6618,0,23 43 47 65 70 159 181 192
18,spawn_logical_hw3,5,11,0x801c6664,0,42 60 75 147 165 177 179 182 189 191 192
18,spawn_logical_hw3,6,6,0x801c6684,0,31 45 59 63 71 160
18,objobj_init,1,,0x801c5458,,
18,objobj_init,2,,0x801c5e90,,
18,objobj_init,3,,0x801c5f68,,
18,objobj_init,4,,0x801c6618,,
18,objobj_init,5,,0x801c6664,,
18,objobj_init,6,,0x801c6684,,
19,spawn_hw7,4,1,,,
19,spawn_hw7,6,1,,,
19,spawn_hw7,8,1,,,
19,spawn_hw7,9,1,,,
19,spawn_hw7,13,1,,,
19,spawn_hw7,14,1,,,
19,spawn_hw7,26,1,,,
19,spawn_hw7,70,2,,,
19,spawn_hw7,71,1,,,
19,spawn_hw7,75,2,,,
19,spawn_hw7,76,1,,,
19,spawn_hw7,100,1,,,
19,spawn_hw7,101,1,,,
19,spawn_hw7,118,1,,,
19,spawn_hw7,119,1,,,
19,spawn_hw7,128,1,,,
19,spawn_hw7,129,1,,,
19,spawn_hw7,142,1,,,
19,spawn_hw7,145,1,,,
19,spawn_hw7,166,1,,,
19,spawn_hw7,174,1,,,
19,spawn_hw7,175,1,,,
19,spawn_hw7,176,1,,,
19,spawn_hw7,183,1,,,
19,spawn_hw7,191,1,,,
19,spawn_hw7,204,1,,,
19,spawn_logical_hw3,-1,1,(no INIT),0,174
19,spawn_logical_hw3,0,3,(no INIT),0,71 76 204
19,spawn_logical_hw3,1,14,0x801c5344,3250,4 6 8 9 26 70 75 100 101 142 145 166 175 176
19,spawn_logical_hw3,2,10,0x801c56c4,2000,13 14 70 75 118 119 128 129 183 191
19,objobj_init,1,,0x801c5344,,
19,objobj_init,2,,0x801c56c4,,
20,objobj_init,1,,0x801c52c0,,
20,objobj_init,2,,0x801c52f0,,
20,objobj_init,3,,0x801c5604,,
21,spawn_hw7,5,2,,,
21,spawn_hw7,40,4,,,
21,spawn_hw7,43,4,,,
21,spawn_hw7,84,1,,,
21,spawn_hw7,86,1,,,
21,spawn_hw7,92,3,,,
21,spawn_hw7,93,1,,,
21,spawn_hw7,110,1,,,
21,spawn_hw7,111,1,,,
21,spawn_hw7,117,1,,,
21,spawn_hw7,119,1,,,
21,spawn_hw7,121,1,,,
21,spawn_hw7,144,1,,,
21,spawn_hw7,171,1,,,
21,spawn_hw7,178,1,,,
21,spawn_hw7,186,1,,,
21,spawn_hw7,195,1,,,
21,spawn_hw7,205,1,,,
21,spawn_hw7,225,1,,,
21,spawn_hw7,230,1,,,
21,spawn_hw7,235,1,,,
21,spawn_hw7,238,1,,,
21,spawn_hw7,277,1,,,
21,spawn_hw7,287,1,,,
21,spawn_hw7,292,1,,,
21,spawn_hw7,297,1,,,
21,spawn_logical_hw3,-1,13,(no INIT),0 1200 1800 2400,40 43 84 92 93 110 111 117 171 205
21,spawn_logical_hw3,0,3,(no INIT),0,5 40
21,spawn_logical_hw3,1,16,0x801c6554,1800,86 92 119 121 144 178 186 195 225 230 235 238 277 287 292 297
21,spawn_logical_hw3,2,1,0x801c659c,25000,40
21,spawn_logical_hw3,3,1,0x801c6c4c,20000,5
21,spawn_logical_hw3,4,1,0x801c6e3c,1,43
21,objobj_init,1,,0x801c6554,,
21,objobj_init,2,,0x801c659c,,
21,objobj_init,3,,0x801c6c4c,,
21,objobj_init,4,,0x801c6e3c,,
22,spawn_hw7,7,1,,,
22,spawn_hw7,8,5,,,
22,spawn_hw7,12,2,,,
22,spawn_hw7,13,1,,,
22,spawn_hw7,16,2,,,
22,spawn_hw7,17,2,,,
22,spawn_hw7,19,1,,,
22,spawn_hw7,20,3,,,
22,spawn_logical_hw3,-1,1,(no INIT),0,8
22,spawn_logical_hw3,0,3,(no INIT),0,7 8
22,spawn_logical_hw3,1,6,0x801c531c,3150,13 17 20
22,spawn_logical_hw3,2,7,0x801c5d90,2950,8 12 16 19
22,objobj_init,1,,0x801c531c,,
22,objobj_init,2,,0x801c5d90,,
23,spawn_hw7,0,1,,,
23,spawn_hw7,1,1,,,
23,spawn_hw7,3,1,,,
23,spawn_hw7,5,1,,,
23,spawn_hw7,7,7,,,
23,spawn_logical_hw3,-1,5,(no INIT),0 100 3000 5000,7
23,spawn_logical_hw3,0,3,(no INIT),0,3 7
23,spawn_logical_hw3,1,2,0x801c52c0,11000,0 5
23,spawn_logical_hw3,2,1,0x801c52f0,13500,1
23,objobj_init,1,,0x801c52c0,,
23,objobj_init,2,,0x801c52f0,,
24,objobj_init,1,,0x801c52c0,,
25,spawn_hw7,10,3,,,
25,spawn_hw7,34,1,,,
25,spawn_hw7,38,1,,,
25,spawn_hw7,49,1,,,
25,spawn_hw7,51,1,,,
25,spawn_hw7,62,1,,,
25,spawn_hw7,67,1,,,
25,spawn_hw7,83,1,,,
25,spawn_logical_hw3,0,3,(no INIT),0,10
25,spawn_logical_hw3,1,3,0x801c5454,3630,34 51 83
25,spawn_logical_hw3,2,4,0x801c650c,2400,38 49 62 67
25,objobj_init,1,,0x801c5454,,
25,objobj_init,2,,0x801c650c,,
26,spawn_hw7,0,5,,,
26,spawn_hw7,5,1,,,
26,spawn_hw7,7,2,,,
26,spawn_hw7,12,1,,,
26,spawn_hw7,45,2,,,
26,spawn_logical_hw3,0,3,(no INIT),0,5 7
26,spawn_logical_hw3,1,5,0x801c5918,3150,0
26,spawn_logical_hw3,2,1,0x801c5fc8,20000,12
26,spawn_logical_hw3,3,1,0x801c67f4,10000,45
26,spawn_logical_hw3,4,1,0x801c6864,16200,45
26,objobj_init,1,,0x801c5918,,
26,objobj_init,2,,0x801c5fc8,,
26,objobj_init,3,,0x801c67f4,,
26,objobj_init,4,,0x801c6864,,
27,spawn_hw7,7,1,,,
27,spawn_hw7,8,2,,,
27,spawn_hw7,34,3,,,
27,spawn_logical_hw3,-1,1,(no INIT),0,7
27,spawn_logical_hw3,0,3,(no INIT),0,8 34
27,spawn_logical_hw3,1,1,0x801c52a0,7200,34
27,spawn_logical_hw3,2,1,0x801c52d0,14900,34
27,objobj_init,1,,0x801c52a0,,
27,objobj_init,2,,0x801c52d0,,
28,objobj_init,1,,0x801c64c0,,
28,objobj_init,2,,0x801c6508,,
30,spawn_hw7,1,2,,,
30,spawn_hw7,7,1,,,
30,spawn_hw7,8,1,,,
30,spawn_hw7,9,1,,,
30,spawn_hw7,10,1,,,
30,spawn_hw7,16,1,,,
30,spawn_hw7,17,1,,,
30,spawn_hw7,18,2,,,
30,spawn_hw7,21,1,,,
30,spawn_hw7,23,2,,,
30,spawn_hw7,24,1,,,
30,spawn_hw7,26,1,,,
30,spawn_hw7,29,2,,,
30,spawn_hw7,34,1,,,
30,spawn_hw7,41,2,,,
30,spawn_hw7,46,1,,,
30,spawn_hw7,47,1,,,
30,spawn_hw7,49,1,,,
30,spawn_hw7,51,1,,,
30,spawn_hw7,53,2,,,
30,spawn_hw7,56,1,,,
30,spawn_hw7,66,1,,,
30,spawn_hw7,67,2,,,
30,spawn_hw7,80,1,,,
30,spawn_hw7,83,1,,,
30,spawn_hw7,86,1,,,
30,spawn_hw7,90,2,,,
30,spawn_hw7,93,1,,,
30,spawn_hw7,111,1,,,
30,spawn_hw7,113,1,,,
30,spawn_hw7,119,1,,,
30,spawn_hw7,123,1,,,
30,spawn_hw7,129,1,,,
30,spawn_hw7,145,2,,,
30,spawn_hw7,157,1,,,
30,spawn_hw7,166,1,,,
30,spawn_hw7,170,1,,,
30,spawn_hw7,179,1,,,
30,spawn_hw7,198,1,,,
30,spawn_hw7,202,1,,,
30,spawn_hw7,209,1,,,
30,spawn_hw7,239,1,,,
30,spawn_hw7,242,1,,,
30,spawn_hw7,247,1,,,
30,spawn_hw7,256,1,,,
30,spawn_hw7,261,1,,,
30,spawn_hw7,266,1,,,
30,spawn_hw7,275,1,,,
30,spawn_hw7,276,1,,,
30,spawn_hw7,287,1,,,
30,spawn_hw7,292,1,,,
30,spawn_hw7,310,1,,,
30,spawn_hw7,317,1,,,
30,spawn_hw7,324,1,,,
30,spawn_logical_hw3,-1,54,(no INIT),2400,1 7 8 10 16 18 23 24 26 29 41 47 49 51 53 56 66 67 80 83 86 90 93 111 113 119 123 129 145 157 166 170 179 198 202 209 239 242 247 256 261 266 275 276 287 292 310 317 324
30,spawn_logical_hw3,0,3,(no INIT),0,17 18 46
30,spawn_logical_hw3,1,2,0x801c64e0,2050,9 41
30,spawn_logical_hw3,2,1,0x801c6a80,4820,53
30,spawn_logical_hw3,3,3,0x801c6b1c,3180,1 21 34
30,objobj_init,1,,0x801c64e0,,
30,objobj_init,2,,0x801c6a80,,
30,objobj_init,3,,0x801c6b1c,,
31,spawn_hw7,1,1,,,
31,spawn_hw7,7,1,,,
31,spawn_hw7,8,1,,,
31,spawn_hw7,9,1,,,
31,spawn_hw7,10,1,,,
31,spawn_hw7,15,1,,,
31,spawn_hw7,16,1,,,
31,spawn_hw7,17,1,,,
31,spawn_hw7,18,2,,,
31,spawn_hw7,23,2,,,
31,spawn_hw7,24,1,,,
31,spawn_hw7,25,1,,,
31,spawn_hw7,26,1,,,
31,spawn_hw7,29,2,,,
31,spawn_hw7,30,1,,,
31,spawn_hw7,33,1,,,
31,spawn_hw7,34,1,,,
31,spawn_hw7,41,2,,,
31,spawn_hw7,46,1,,,
31,spawn_hw7,47,1,,,
31,spawn_hw7,49,1,,,
31,spawn_hw7,51,1,,,
31,spawn_hw7,53,1,,,
31,spawn_hw7,56,1,,,
31,spawn_hw7,66,1,,,
31,spawn_hw7,67,2,,,
31,spawn_hw7,80,1,,,
31,spawn_hw7,83,1,,,
31,spawn_hw7,86,1,,,
31,spawn_hw7,90,2,,,
31,spawn_hw7,93,1,,,
31,spawn_hw7,111,1,,,
31,spawn_hw7,113,1,,,
31,spawn_hw7,119,1,,,
31,spawn_hw7,123,1,,,
31,spawn_hw7,129,1,,,
31,spawn_hw7,145,2,,,
31,spawn_hw7,157,1,,,
31,spawn_hw7,166,1,,,
31,spawn_hw7,170,1,,,
31,spawn_hw7,179,1,,,
31,spawn_hw7,198,1,,,
31,spawn_hw7,202,1,,,
31,spawn_hw7,209,1,,,
31,spawn_hw7,239,1,,,
31,spawn_hw7,242,1,,,
31,spawn_hw7,256,1,,,
31,spawn_hw7,261,1,,,
31,spawn_hw7,266,1,,,
31,spawn_hw7,275,1,,,
31,spawn_hw7,276,1,,,
31,spawn_hw7,287,1,,,
31,spawn_hw7,292,1,,,
31,spawn_hw7,310,1,,,
31,spawn_hw7,317,1,,,
31,spawn_hw7,324,1,,,
31,spawn_logical_hw3,-1,48,(no INIT),2400,1 7 8 16 18 23 24 26 29 41 47 51 56 66 67 80 83 86 90 93 111 113 119 123 129 145 157 166 170 179 198 202 209 239 242 256 261 266 275 276 287 292 310 317 324
31,spawn_logical_hw3,0,3,(no INIT),0,17 18 46
31,spawn_logical_hw3,1,10,0x801c64c0,2050,9 10 15 23 25 29 34 41 49 53
31,spawn_logical_hw3,2,2,0x801c6508,3180,30 33
31,objobj_init,1,,0x801c64c0,,
31,objobj_init,2,,0x801c6508,,
32,spawn_hw7,0,4,,,
32,spawn_hw7,5,1,,,
32,spawn_hw7,7,1,,,
32,spawn_hw7,8,1,,,
32,spawn_hw7,12,1,,,
32,spawn_hw7,14,1,,,
32,spawn_hw7,15,1,,,
32,spawn_hw7,17,1,,,
32,spawn_hw7,18,1,,,
32,spawn_logical_hw3,-1,1,(no INIT),0,0
32,spawn_logical_hw3,0,3,(no INIT),0,0 12
32,spawn_logical_hw3,1,8,0x801c5e7c,2050,0 5 7 8 14 15 17 18
32,objobj_init,1,,0x801c5e7c,,
33,spawn_hw7,0,1,,,
33,spawn_hw7,1,2,,,
33,spawn_hw7,3,1,,,
33,spawn_hw7,7,1,,,
33,spawn_hw7,25,1,,,
33,spawn_hw7,27,1,,,
33,spawn_hw7,30,1,,,
33,spawn_hw7,31,1,,,
33,spawn_hw7,45,1,,,
33,spawn_logical_hw3,-1,2,(no INIT),0 2100,1 3
33,spawn_logical_hw3,0,3,(no INIT),0,0 1 7
33,spawn_logical_hw3,1,5,0x801c52c0,5000,25 27 30 31 45
33,objobj_init,1,,0x801c52c0,,
34,spawn_hw7,68,1,,,
34,spawn_hw7,69,1,,,
34,spawn_hw7,70,2,,,
34,spawn_hw7,71,2,,,
34,spawn_hw7,73,1,,,
34,spawn_hw7,77,1,,,
34,spawn_hw7,78,1,,,
34,spawn_logical_hw3,-1,1,(no INIT),0,70
34,spawn_logical_hw3,0,3,(no INIT),0,68 69 70
34,spawn_logical_hw3,1,2,0x801c5838,4820,71 73
34,spawn_logical_hw3,2,3,0x801c58d4,3180,71 77 78
34,objobj_init,1,,0x801c5838,,
34,objobj_init,2,,0x801c58d4,,
35,spawn_hw7,0,1,,,
35,spawn_hw7,3,1,,,
35,spawn_hw7,7,1,,,
35,spawn_hw7,14,4,,,
35,spawn_hw7,16,1,,,
35,spawn_hw7,20,1,,,
35,spawn_hw7,34,1,,,
35,spawn_hw7,37,1,,,
35,spawn_hw7,65,1,,,
35,spawn_hw7,72,1,,,
35,spawn_hw7,77,1,,,
35,spawn_hw7,78,1,,,
35,spawn_hw7,85,1,,,
35,spawn_hw7,87,1,,,
35,spawn_hw7,90,1,,,
35,spawn_hw7,91,1,,,
35,spawn_hw7,92,1,,,
35,spawn_hw7,93,1,,,
35,spawn_hw7,96,1,,,
35,spawn_hw7,97,1,,,
35,spawn_hw7,99,1,,,
35,spawn_hw7,100,3,,,
35,spawn_hw7,114,2,,,
35,spawn_hw7,121,1,,,
35,spawn_hw7,129,3,,,
35,spawn_hw7,138,1,,,
35,spawn_hw7,141,1,,,
35,spawn_hw7,143,1,,,
35,spawn_hw7,144,1,,,
35,spawn_hw7,147,2,,,
35,spawn_hw7,152,1,,,
35,spawn_hw7,153,1,,,
35,spawn_hw7,154,1,,,
35,spawn_hw7,160,1,,,
35,spawn_hw7,164,1,,,
35,spawn_hw7,165,1,,,
35,spawn_hw7,169,1,,,
35,spawn_hw7,188,1,,,
35,spawn_logical_hw3,-1,32,(no INIT),0 2400,14 65 72 77 78 85 87 90 92 93 96 97 99 100 114 121 129 138 141 143 144 147 152 153 154 160
35,spawn_logical_hw3,0,3,(no INIT),0,14
35,spawn_logical_hw3,1,12,0x801c5344,3250,0 3 7 16 20 34 37 91 164 165 169 188
35,objobj_init,1,,0x801c5344,,
36,spawn_hw7,3,5,,,
36,spawn_hw7,4,3,,,
36,spawn_hw7,5,1,,,
36,spawn_hw7,9,1,,,
36,spawn_hw7,11,1,,,
36,spawn_logical_hw3,-1,1,(no INIT),0,5
36,spawn_logical_hw3,0,3,(no INIT),0,3 9
36,spawn_logical_hw3,1,6,0x801c5560,6100,3 4
36,spawn_logical_hw3,2,1,0x801c5c80,20000,11
36,objobj_init,1,,0x801c5560,,
36,objobj_init,2,,0x801c5c80,,
37,spawn_hw7,0,14,,,
37,spawn_hw7,9,1,,,
37,spawn_hw7,29,1,,,
37,spawn_hw7,64,1,,,
37,spawn_hw7,81,1,,,
37,spawn_hw7,91,1,,,
37,spawn_hw7,103,1,,,
37,spawn_hw7,115,1,,,
37,spawn_hw7,120,1,,,
37,spawn_hw7,141,1,,,
37,spawn_hw7,151,1,,,
37,spawn_hw7,170,1,,,
37,spawn_logical_hw3,-1,15,(no INIT),0 1500 2000 6000,0 29 64 81 91 103 115 120 141 151 170
37,spawn_logical_hw3,0,3,(no INIT),0,0 9
37,spawn_logical_hw3,1,2,0x801c5af0,2130,0
37,spawn_logical_hw3,2,5,0x801c65e8,2950,0
37,objobj_init,1,,0x801c5af0,,
37,objobj_init,2,,0x801c65e8,,
38,spawn_hw7,0,1,,,
38,spawn_hw7,1,2,,,
38,spawn_hw7,6,1,,,
38,spawn_hw7,13,1,,,
38,spawn_hw7,23,1,,,
38,spawn_hw7,34,1,,,
38,spawn_hw7,46,1,,,
38,spawn_hw7,52,2,,,
38,spawn_hw7,54,1,,,
38,spawn_hw7,56,1,,,
38,spawn_hw7,57,1,,,
38,spawn_hw7,65,1,,,
38,spawn_hw7,68,1,,,
38,spawn_hw7,69,1,,,
38,spawn_hw7,72,1,,,
38,spawn_hw7,73,1,,,
38,spawn_hw7,74,1,,,
38,spawn_hw7,77,2,,,
38,spawn_hw7,82,1,,,
38,spawn_hw7,87,1,,,
38,spawn_hw7,90,1,,,
38,spawn_hw7,96,1,,,
38,spawn_logical_hw3,-1,1,(no INIT),0,0
38,spawn_logical_hw3,0,3,(no INIT),0,1 96
38,spawn_logical_hw3,1,21,0x801c52c0,4100,6 13 23 34 46 52 54 56 57 65 68 69 72 73 74 77 82 87 90
38,objobj_init,1,,0x801c52c0,,
40,spawn_hw7,1,1,,,
40,spawn_hw7,2,1,,,
40,spawn_hw7,4,1,,,
40,spawn_hw7,11,2,,,
40,spawn_hw7,14,3,,,
40,spawn_hw7,16,1,,,
40,spawn_hw7,19,1,,,
40,spawn_hw7,20,7,,,
40,spawn_hw7,32,1,,,
40,spawn_hw7,34,1,,,
40,spawn_hw7,35,1,,,
40,spawn_hw7,44,7,,,
40,spawn_logical_hw3,-1,14,(no INIT),0 2000 3000,1 11 14 16 19 20 32 35
40,spawn_logical_hw3,0,3,(no INIT),0,11 20 34
40,spawn_logical_hw3,1,7,0x801c5d98,1400,44
40,spawn_logical_hw3,2,2,0x801c5e2c,4200,2 4
40,spawn_logical_hw3,3,1,0x801c5ea0,3000,20
40,objobj_init,1,,0x801c5d98,,
40,objobj_init,2,,0x801c5e2c,,
40,objobj_init,3,,0x801c5ea0,,
41,spawn_hw7,5,1,,,
41,spawn_hw7,6,1,,,
41,spawn_hw7,8,1,,,
41,spawn_hw7,27,1,,,
41,spawn_hw7,28,1,,,
41,spawn_hw7,33,1,,,
41,spawn_hw7,111,1,,,
41,spawn_hw7,117,1,,,
41,spawn_hw7,130,2,,,
41,spawn_hw7,131,2,,,
41,spawn_hw7,136,2,,,
41,spawn_hw7,137,1,,,
41,spawn_hw7,138,1,,,
41,spawn_hw7,144,3,,,
41,spawn_hw7,145,1,,,
41,spawn_hw7,147,1,,,
41,spawn_hw7,174,1,,,
41,spawn_hw7,203,2,,,
41,spawn_hw7,204,1,,,
41,spawn_logical_hw3,-1,1,(no INIT),0,174
41,spawn_logical_hw3,0,3,(no INIT),0,203 204
41,spawn_logical_hw3,1,8,0x801c5438,10000,5 111 117 131 136 137 145
41,spawn_logical_hw3,2,3,0x801c5468,12700,6 28 33
41,spawn_logical_hw3,3,9,0x801c6544,20000,8 27 130 136 138 144 147
41,spawn_logical_hw3,4,1,0x801c6568,9000,144
41,objobj_init,1,,0x801c5438,,
41,objobj_init,2,,0x801c5468,,
41,objobj_init,3,,0x801c6544,,
41,objobj_init,4,,0x801c6568,,
42,spawn_hw7,0,2,,,
42,spawn_hw7,1,1,,,
42,spawn_hw7,6,1,,,
42,spawn_hw7,7,1,,,
42,spawn_hw7,9,1,,,
42,spawn_hw7,13,1,,,
42,spawn_hw7,20,1,,,
42,spawn_hw7,34,3,,,
42,spawn_hw7,37,3,,,
42,spawn_hw7,46,3,,,
42,spawn_hw7,47,3,,,
42,spawn_hw7,84,2,,,
42,spawn_hw7,85,2,,,
42,spawn_hw7,87,1,,,
42,spawn_hw7,88,1,,,
42,spawn_hw7,100,1,,,
42,spawn_hw7,115,2,,,
42,spawn_hw7,116,3,,,
42,spawn_hw7,127,1,,,
42,spawn_hw7,142,1,,,
42,spawn_hw7,151,2,,,
42,spawn_hw7,167,2,,,
42,spawn_hw7,170,1,,,
42,spawn_hw7,199,1,,,
42,spawn_hw7,200,1,,,
42,spawn_hw7,206,2,,,
42,spawn_hw7,209,1,,,
42,spawn_hw7,212,1,,,
42,spawn_hw7,221,1,,,
42,spawn_hw7,224,1,,,
42,spawn_hw7,231,2,,,
42,spawn_hw7,232,2,,,
42,spawn_hw7,294,1,,,
42,spawn_logical_hw3,-1,1,(no INIT),0,167
42,spawn_logical_hw3,0,3,(no INIT),0,0 9
42,spawn_logical_hw3,1,9,0x801c57d4,2500,200 206 209 212 221 224 232
42,spawn_logical_hw3,2,11,0x801c5f30,3250,1 13 34 37 46 47 100 116 127 142 167
42,spawn_logical_hw3,3,27,0x801c62b0,2000,6 7 20 34 37 46 47 84 85 87 88 115 116 151 199 231 294
42,spawn_logical_hw3,4,1,0x801c690c,2600,170
42,objobj_init,1,,0x801c57d4,,
42,objobj_init,2,,0x801c5f30,,
42,objobj_init,3,,0x801c62b0,,
42,objobj_init,4,,0x801c690c,,
43,spawn_hw7,1,1,,,
43,spawn_hw7,2,1,,,
43,spawn_hw7,7,1,,,
43,spawn_hw7,14,1,,,
43,spawn_hw7,15,1,,,
43,spawn_hw7,18,3,,,
43,spawn_hw7,42,1,,,
43,spawn_hw7,50,1,,,
43,spawn_hw7,51,1,,,
43,spawn_hw7,57,1,,,
43,spawn_hw7,75,1,,,
43,spawn_hw7,88,1,,,
43,spawn_hw7,89,1,,,
43,spawn_hw7,94,1,,,
43,spawn_hw7,109,1,,,
43,spawn_hw7,118,1,,,
43,spawn_hw7,122,1,,,
43,spawn_hw7,126,1,,,
43,spawn_hw7,147,1,,,
43,spawn_logical_hw3,0,3,(no INIT),0,18
43,spawn_logical_hw3,1,10,0x801c64c0,2050,7 15 42 50 88 89 94 109 122 147
43,spawn_logical_hw3,2,3,0x801c6508,5800,1 2 126
43,spawn_logical_hw3,3,5,0x801c64c0,2400,14 51 57 75 118
43,objobj_init,1,,0x801c64c0,,
43,objobj_init,2,,0x801c6508,,
43,objobj_init,3,,0x801c64c0,,
44,spawn_hw7,18,1,,,
44,spawn_hw7,20,1,,,
44,spawn_hw7,21,1,,,
44,spawn_hw7,25,1,,,
44,spawn_hw7,44,1,,,
44,spawn_hw7,51,1,,,
44,spawn_hw7,54,1,,,
44,spawn_hw7,60,1,,,
44,spawn_hw7,79,1,,,
44,spawn_hw7,90,1,,,
44,spawn_hw7,141,1,,,
44,spawn_hw7,142,1,,,
44,spawn_hw7,147,1,,,
44,spawn_hw7,153,1,,,
44,spawn_hw7,168,1,,,
44,spawn_logical_hw3,-1,1,(no INIT),0,44
44,spawn_logical_hw3,0,3,(no INIT),0,51 54 60
44,spawn_logical_hw3,1,10,0x801c52dc,10000,18 20 21 25 79 90 141 142 147 153
44,spawn_logical_hw3,2,1,0x801c530c,8000,168
44,objobj_init,1,,0x801c52dc,,
44,objobj_init,2,,0x801c530c,,
45,spawn_hw7,0,1,,,
45,spawn_hw7,1,1,,,
45,spawn_hw7,46,1,,,
45,spawn_hw7,47,1,,,
45,spawn_hw7,74,1,,,
45,spawn_hw7,75,1,,,
45,spawn_hw7,77,1,,,
45,spawn_hw7,79,1,,,
45,spawn_hw7,85,1,,,
45,spawn_hw7,87,1,,,
45,spawn_hw7,88,1,,,
45,spawn_hw7,94,1,,,
45,spawn_hw7,98,1,,,
45,spawn_hw7,100,1,,,
45,spawn_hw7,103,1,,,
45,spawn_hw7,114,1,,,
45,spawn_hw7,121,1,,,
45,spawn_hw7,126,1,,,
45,spawn_hw7,129,2,,,
45,spawn_hw7,132,1,,,
45,spawn_hw7,134,1,,,
45,spawn_hw7,135,1,,,
45,spawn_hw7,136,1,,,
45,spawn_hw7,163,1,,,
45,spawn_hw7,165,1,,,
45,spawn_hw7,166,1,,,
45,spawn_hw7,169,1,,,
45,spawn_hw7,183,2,,,
45,spawn_hw7,185,1,,,
45,spawn_hw7,187,1,,,
45,spawn_hw7,194,1,,,
45,spawn_hw7,199,1,,,
45,spawn_hw7,207,1,,,
45,spawn_logical_hw3,-1,4,(no INIT),0 1680 3300,1 46 85 87
45,spawn_logical_hw3,0,3,(no INIT),0,0 47 77
45,spawn_logical_hw3,1,4,0x801c5384,4100,132 165 166 169
45,spawn_logical_hw3,2,14,0x801c5698,480,75 100 103 114 121 126 129 134 183 194 199 207
45,spawn_logical_hw3,3,10,0x801c60a8,3300,74 79 88 94 98 135 136 163 185 187
45,objobj_init,1,,0x801c5384,,
45,objobj_init,2,,0x801c5698,,
45,objobj_init,3,,0x801c60a8,,
46,spawn_hw7,0,1,,,
46,spawn_hw7,1,1,,,
46,spawn_hw7,2,1,,,
46,spawn_hw7,11,1,,,
46,spawn_hw7,14,1,,,
46,spawn_hw7,20,1,,,
46,spawn_hw7,22,1,,,
46,spawn_hw7,23,1,,,
46,spawn_hw7,28,1,,,
46,spawn_hw7,36,1,,,
46,spawn_hw7,39,1,,,
46,spawn_hw7,40,1,,,
46,spawn_hw7,44,1,,,
46,spawn_hw7,65,1,,,
46,spawn_hw7,81,1,,,
46,spawn_hw7,92,1,,,
46,spawn_hw7,110,1,,,
46,spawn_hw7,113,1,,,
46,spawn_hw7,119,1,,,
46,spawn_hw7,141,1,,,
46,spawn_hw7,144,1,,,
46,spawn_hw7,145,1,,,
46,spawn_hw7,147,1,,,
46,spawn_hw7,158,1,,,
46,spawn_hw7,161,1,,,
46,spawn_logical_hw3,-1,1,(no INIT),0,1
46,spawn_logical_hw3,0,3,(no INIT),0,65 92 147
46,spawn_logical_hw3,1,1,0x801c5308,7900,145
46,spawn_logical_hw3,2,5,0x801c5338,6500,20 141 144 158 161
46,spawn_logical_hw3,3,15,0x801c5994,2600,0 2 11 14 22 23 28 36 39 40 44 81 110 113 119
46,objobj_init,1,,0x801c5308,,
46,objobj_init,2,,0x801c5338,,
46,objobj_init,3,,0x801c5994,,
47,spawn_hw7,31,2,,,
47,spawn_hw7,40,4,,,
47,spawn_hw7,43,3,,,
47,spawn_hw7,84,1,,,
47,spawn_hw7,92,2,,,
47,spawn_hw7,93,1,,,
47,spawn_hw7,110,1,,,
47,spawn_hw7,111,1,,,
47,spawn_hw7,117,1,,,
47,spawn_hw7,140,1,,,
47,spawn_hw7,143,1,,,
47,spawn_hw7,151,1,,,
47,spawn_hw7,152,1,,,
47,spawn_hw7,153,1,,,
47,spawn_hw7,171,1,,,
47,spawn_hw7,178,1,,,
47,spawn_hw7,186,1,,,
47,spawn_hw7,192,1,,,
47,spawn_hw7,194,1,,,
47,spawn_hw7,195,2,,,
47,spawn_hw7,196,1,,,
47,spawn_hw7,205,1,,,
47,spawn_hw7,225,1,,,
47,spawn_hw7,238,1,,,
47,spawn_hw7,277,1,,,
47,spawn_hw7,292,1,,,
47,spawn_hw7,297,1,,,
47,spawn_logical_hw3,-1,22,(no INIT),0 1200 1800 2400 16000,40 43 84 92 93 110 111 117 171 178 186 195 205 225 238 277 292 297
47,spawn_logical_hw3,0,3,(no INIT),0,31 40
47,spawn_logical_hw3,1,6,0x801c52c0,4950,140 143 151 153 194 196
47,spawn_logical_hw3,2,3,0x801c5314,5800,152 192 195
47,spawn_logical_hw3,3,1,0x801c5344,15500,31
47,objobj_init,1,,0x801c52c0,,
47,objobj_init,2,,0x801c5314,,
47,objobj_init,3,,0x801c5344,,
48,spawn_hw7,0,2,,,
48,spawn_hw7,44,1,,,
48,spawn_hw7,54,2,,,
48,spawn_hw7,55,3,,,
48,spawn_hw7,56,2,,,
48,spawn_hw7,73,1,,,
48,spawn_hw7,78,1,,,
48,spawn_hw7,83,1,,,
48,spawn_hw7,84,1,,,
48,spawn_hw7,85,1,,,
48,spawn_hw7,86,1,,,
48,spawn_logical_hw3,-1,4,(no INIT),0 5200 12000,0 55 56 86
48,spawn_logical_hw3,0,3,(no INIT),0,0 44 73
48,spawn_logical_hw3,1,4,0x801c52c0,10000,54 55 84 85
48,spawn_logical_hw3,2,3,0x801c52f0,5200,54 55 56
48,spawn_logical_hw3,3,2,0x801c5344,8000,78 83
48,objobj_init,1,,0x801c52c0,,
48,objobj_init,2,,0x801c52f0,,
48,objobj_init,3,,0x801c5344,,
49,spawn_hw7,38,1,,,
49,spawn_hw7,75,2,,,
49,spawn_hw7,92,1,,,
49,spawn_hw7,98,1,,,
49,spawn_hw7,101,1,,,
49,spawn_hw7,111,1,,,
49,spawn_hw7,113,1,,,
49,spawn_hw7,114,1,,,
49,spawn_hw7,115,1,,,
49,spawn_hw7,116,2,,,
49,spawn_hw7,121,1,,,
49,spawn_hw7,147,2,,,
49,spawn_hw7,164,2,,,
49,spawn_hw7,188,1,,,
49,spawn_hw7,200,2,,,
49,spawn_hw7,205,1,,,
49,spawn_hw7,206,1,,,
49,spawn_hw7,211,1,,,
49,spawn_hw7,213,1,,,
49,spawn_hw7,227,1,,,
49,spawn_hw7,302,1,,,
49,spawn_hw7,307,1,,,
49,spawn_logical_hw3,-1,1,(no INIT),0,75
49,spawn_logical_hw3,0,3,(no INIT),0,38 75 92
49,spawn_logical_hw3,1,5,0x801c52c0,4950 5200,98 101 111 115 227
49,spawn_logical_hw3,2,8,0x801c55f8,500,113 114 116 147 164 200 205 213
49,spawn_logical_hw3,3,2,0x801c5678,14400,302 307
49,spawn_logical_hw3,4,8,0x801c598c,500,116 121 147 164 188 200 206 211
49,objobj_init,1,,0x801c52c0,,
49,objobj_init,2,,0x801c55f8,,
49,objobj_init,3,,0x801c5678,,
49,objobj_init,4,,0x801c598c,,
60,spawn_hw7,7,1,,,
60,spawn_hw7,8,2,,,
60,spawn_hw7,34,2,,,
60,spawn_logical_hw3,-1,1,(no INIT),0,7
60,spawn_logical_hw3,0,3,(no INIT),0,8 34
60,spawn_logical_hw3,1,1,0x801c52c0,9200,34
60,objobj_init,1,,0x801c52c0,,
70,spawn_hw7,7,2,,,
70,spawn_hw7,8,2,,,
70,spawn_hw7,17,1,,,
70,spawn_hw7,30,1,,,
70,spawn_logical_hw3,-1,1,(no INIT),0,7
70,spawn_logical_hw3,0,3,(no INIT),0,7 8
70,spawn_logical_hw3,1,2,0x801c52c0,5200,17 30
70,objobj_init,1,,0x801c52c0,,
80,spawn_hw7,0,4,,,
80,spawn_logical_hw3,-1,1,(no INIT),0,0
80,spawn_logical_hw3,0,3,(no INIT),0,0
81,spawn_hw7,0,2,,,
81,spawn_hw7,21,1,,,
81,spawn_hw7,23,1,,,
81,spawn_logical_hw3,-1,1,(no INIT),0,0
81,spawn_logical_hw3,0,3,(no INIT),0,0 21 23
82,spawn_hw7,1,2,,,
82,spawn_hw7,3,1,,,
82,spawn_hw7,8,1,,,
82,spawn_logical_hw3,-1,1,(no INIT),0,1
82,spawn_logical_hw3,0,3,(no INIT),0,1 3 8
83,spawn_hw7,376,2,,,
83,spawn_hw7,377,1,,,
83,spawn_hw7,380,1,,,
83,spawn_logical_hw3,-1,1,(no INIT),0,376
83,spawn_logical_hw3,0,3,(no INIT),0,376 377 380
84,spawn_hw7,0,2,,,
84,spawn_hw7,277,1,,,
84,spawn_hw7,287,1,,,
84,spawn_logical_hw3,-1,1,(no INIT),0,0
84,spawn_logical_hw3,0,3,(no INIT),0,0 277 287
90,spawn_hw7,4,1,,,
90,spawn_hw7,5,1,,,
90,spawn_hw7,6,1,,,
90,spawn_hw7,8,1,,,
90,spawn_hw7,13,1,,,
90,spawn_hw7,20,1,,,
90,spawn_hw7,22,1,,,
90,spawn_hw7,29,1,,,
90,spawn_hw7,30,1,,,
90,spawn_hw7,33,5,,,
90,spawn_hw7,37,1,,,
90,spawn_hw7,39,1,,,
90,spawn_hw7,47,1,,,
90,spawn_hw7,62,1,,,
90,spawn_hw7,190,1,,,
90,spawn_hw7,196,1,,,
90,spawn_logical_hw3,-1,17,(no INIT),0 1000 1500 2000 3000 4000 6000,4 5 6 13 20 22 29 30 33 37 39 47 196
90,spawn_logical_hw3,0,3,(no INIT),0,8 62 190
91,spawn_hw7,40,3,,,
91,spawn_hw7,43,1,,,
91,spawn_hw7,84,1,,,
91,spawn_hw7,92,2,,,
91,spawn_hw7,93,1,,,
91,spawn_hw7,110,1,,,
91,spawn_hw7,111,1,,,
91,spawn_hw7,117,1,,,
91,spawn_hw7,169,1,,,
91,spawn_hw7,171,1,,,
91,spawn_hw7,174,1,,,
91,spawn_hw7,176,1,,,
91,spawn_hw7,189,1,,,
91,spawn_hw7,205,1,,,
91,spawn_hw7,254,1,,,
91,spawn_hw7,256,1,,,
91,spawn_hw7,259,1,,,
91,spawn_hw7,260,1,,,
91,spawn_hw7,267,1,,,
91,spawn_hw7,271,1,,,
91,spawn_hw7,277,1,,,
91,spawn_hw7,287,1,,,
91,spawn_hw7,288,1,,,
91,spawn_hw7,290,1,,,
91,spawn_hw7,340,1,,,
91,spawn_hw7,342,1,,,
91,spawn_hw7,345,1,,,
91,spawn_hw7,350,1,,,
91,spawn_hw7,353,1,,,
91,spawn_hw7,380,1,,,
91,spawn_hw7,384,1,,,
91,spawn_hw7,388,1,,,
91,spawn_logical_hw3,-1,32,(no INIT),0 1200 2400,40 84 92 93 110 111 117 169 171 174 176 189 205 254 256 259 260 267 271 277 287 288 290 340 342 345 350 353 380 384 388
91,spawn_logical_hw3,0,3,(no INIT),0,40 43
92,spawn_hw7,3,1,,,
92,spawn_hw7,7,3,,,
92,spawn_logical_hw3,-1,1,(no INIT),0,7
92,spawn_logical_hw3,0,3,(no INIT),0,3 7
93,spawn_hw7,0,1,,,
93,spawn_hw7,1,1,,,
93,spawn_hw7,2,2,,,
93,spawn_hw7,4,1,,,
93,spawn_hw7,5,1,,,
93,spawn_hw7,11,2,,,
93,spawn_hw7,14,4,,,
93,spawn_hw7,16,1,,,
93,spawn_hw7,19,1,,,
93,spawn_hw7,20,3,,,
93,spawn_hw7,22,1,,,
93,spawn_hw7,23,1,,,
93,spawn_hw7,32,1,,,
93,spawn_hw7,34,1,,,
93,spawn_hw7,35,1,,,
93,spawn_hw7,38,2,,,
93,spawn_hw7,41,1,,,
93,spawn_hw7,44,2,,,
93,spawn_logical_hw3,-1,24,(no INIT),0 2000 5000 6000 20000,0 1 2 4 5 11 14 16 19 20 23 32 34 35 38 44
93,spawn_logical_hw3,0,3,(no INIT),0,2 22 41
94,spawn_hw7,12,2,,,
94,spawn_hw7,16,1,,,
94,spawn_logical_hw3,0,3,(no INIT),0,12 16
